repo_name,repo_watcher_count,repo_star_count,repo_commmit_count,user_id,user_login,user_commit_count
64characters/Telephone,52,852,2347,585279,mitar,0
64characters/Telephone,52,852,2347,382183,fulldecent,0
64characters/Telephone,52,852,2347,188413,eofster,1889
Alamofire/Alamofire,1088,34280,1462,197446,mattyohe,0
Alamofire/Alamofire,1088,34280,1462,873717,tkrajacic,0
Alamofire/Alamofire,1088,34280,1462,446106,rjsamson,0
Alamofire/Alamofire,1088,34280,1462,7659,mattt,232
Alamofire/Alamofire,1088,34280,1462,1163812,luketheobscure,0
Alamofire/Alamofire,1088,34280,1462,205733,zkirill,0
Alamofire/Alamofire,1088,34280,1462,889388,macu,0
Alamofire/Alamofire,1088,34280,1462,104009,loopj,0
Alamofire/Alamofire,1088,34280,1462,238331,brow,1
Alamofire/Alamofire,1088,34280,1462,1159023,eraye1,0
Alamofire/Alamofire,1088,34280,1462,3356474,skywinder,2
Alamofire/Alamofire,1088,34280,1462,2249425,cslosiu,0
Alamofire/Alamofire,1088,34280,1462,66176,tomj,0
Alamofire/Alamofire,1088,34280,1462,435731,blevine,0
Alamofire/Alamofire,1088,34280,1462,1530131,joshuaziering,0
Alamofire/Alamofire,1088,34280,1462,978863,raeidsaqur,0
Alamofire/Alamofire,1088,34280,1462,6665314,dltlr,0
Alamofire/Alamofire,1088,34280,1462,16154,marcopompei,0
Alamofire/Alamofire,1088,34280,1462,722281,db0company,0
Alamofire/Alamofire,1088,34280,1462,527931,angelcasado,0
Alamofire/Alamofire,1088,34280,1462,877072,pketh,0
Alamofire/Alamofire,1088,34280,1462,2784970,mogocat,0
Alamofire/Alamofire,1088,34280,1462,3065126,ackleymi,0
Alamofire/Alamofire,1088,34280,1462,995208,mattcantstop,1
Alamofire/Alamofire,1088,34280,1462,146365,adooylabs,0
Alamofire/Alamofire,1088,34280,1462,748214,johngoren,0
Alamofire/Alamofire,1088,34280,1462,7370581,truq,0
Alamofire/Alamofire,1088,34280,1462,2473049,martijnkorteweg,0
Alamofire/Alamofire,1088,34280,1462,364754,andrew-knott,0
Alamofire/Alamofire,1088,34280,1462,5012557,avielg,0
Alamofire/Alamofire,1088,34280,1462,413385,johnrickman,0
Alamofire/Alamofire,1088,34280,1462,524580,artjomzab,0
Alamofire/Alamofire,1088,34280,1462,452219,masterkrang,0
Alamofire/Alamofire,1088,34280,1462,320967,klaas,0
Alamofire/Alamofire,1088,34280,1462,1638996,justinmakaila,0
Alamofire/Alamofire,1088,34280,1462,1528255,LarsJK,1
Alamofire/Alamofire,1088,34280,1462,1318176,harshcs,0
Alamofire/Alamofire,1088,34280,1462,1707598,Baza207,2
Alamofire/Alamofire,1088,34280,1462,3963176,violabg,0
Alamofire/Alamofire,1088,34280,1462,10526402,thihaaung6245,0
Alamofire/Alamofire,1088,34280,1462,1732366,jkmathew,0
Alamofire/Alamofire,1088,34280,1462,169110,cnoon,767
Alamofire/Alamofire,1088,34280,1462,619602,johngibb,3
Alamofire/Alamofire,1088,34280,1462,7006989,relytmcd,0
Alamofire/Alamofire,1088,34280,1462,3419988,nicolasbigot,0
Alamofire/Alamofire,1088,34280,1462,397927,digoreis,0
Alamofire/Alamofire,1088,34280,1462,3247207,knspriggs,0
Alamofire/Alamofire,1088,34280,1462,1066980,tommydangerous,0
Alamofire/Alamofire,1088,34280,1462,3108431,LightD,0
Alamofire/Alamofire,1088,34280,1462,2880446,thedamfr,0
Alamofire/Alamofire,1088,34280,1462,8736853,vbklv,0
Alamofire/Alamofire,1088,34280,1462,9715712,iNeerajatSigneasy,0
Alamofire/Alamofire,1088,34280,1462,4167271,mingway1991,0
Alamofire/Alamofire,1088,34280,1462,1873281,leviyehonatan,0
Alamofire/Alamofire,1088,34280,1462,931655,devxoul,0
Alamofire/Alamofire,1088,34280,1462,6942160,Jeehut,0
Alamofire/Alamofire,1088,34280,1462,1641795,vikmeup,0
Alamofire/Alamofire,1088,34280,1462,121626,corywilkerson,0
Alamofire/Alamofire,1088,34280,1462,8757964,putudondo,0
Alamofire/Alamofire,1088,34280,1462,543633,mohsen1,0
Alamofire/Alamofire,1088,34280,1462,7444516,makinney,0
Alamofire/Alamofire,1088,34280,1462,3748453,VadimDez,0
Alamofire/Alamofire,1088,34280,1462,3412692,troypayne,0
Alamofire/Alamofire,1088,34280,1462,2589642,panderman,0
Alamofire/Alamofire,1088,34280,1462,1760211,SteveNewhouse,0
Alamofire/Alamofire,1088,34280,1462,116518,leonid-shevtsov,0
Alamofire/Alamofire,1088,34280,1462,6414051,whusted,0
Alamofire/Alamofire,1088,34280,1462,1096951,fobin,0
Alamofire/Alamofire,1088,34280,1462,212631,ararog,0
Alamofire/Alamofire,1088,34280,1462,1003886,krzd,0
Alamofire/Alamofire,1088,34280,1462,195806,cybercent,0
Alamofire/Alamofire,1088,34280,1462,44164,kylef,8
Alamofire/Alamofire,1088,34280,1462,469332,ataugeron,0
Alamofire/Alamofire,1088,34280,1462,1823617,baldurh,0
Alamofire/Alamofire,1088,34280,1462,28064,Mikoj,0
Alamofire/Alamofire,1088,34280,1462,174598,pseudovirtual,0
Alamofire/Alamofire,1088,34280,1462,248861,nvh,1
Alamofire/Alamofire,1088,34280,1462,1010384,bassrock,0
Alamofire/Alamofire,1088,34280,1462,6183356,thunderkid,0
Alamofire/Alamofire,1088,34280,1462,1062648,sundraw,0
Alamofire/Alamofire,1088,34280,1462,6448412,Samyro,0
Alamofire/Alamofire,1088,34280,1462,1117750,Struki84,0
Alamofire/Alamofire,1088,34280,1462,3485555,pori,0
Alamofire/Alamofire,1088,34280,1462,612696,FelipeUmpierre,0
Alamofire/Alamofire,1088,34280,1462,430112,dotmike,0
Alamofire/Alamofire,1088,34280,1462,9459585,azureland,0
Alamofire/Alamofire,1088,34280,1462,6831609,jefferyleo,0
Alamofire/Alamofire,1088,34280,1462,8730910,PrajeetShrestha,0
Alamofire/Alamofire,1088,34280,1462,5837424,Tkizzy,0
Alamofire/Alamofire,1088,34280,1462,16804858,JordanOneU,0
Alamofire/Alamofire,1088,34280,1462,8764760,adenix,0
Alamofire/Alamofire,1088,34280,1462,5487809,deck2osuab,0
Alamofire/Alamofire,1088,34280,1462,1437282,georgeportillo,0
Alamofire/Alamofire,1088,34280,1462,10468849,ZeranLatte,0
Alamofire/Alamofire,1088,34280,1462,15164670,atulsha,0
Alamofire/Alamofire,1088,34280,1462,51020,jshier,174
Alamofire/Alamofire,1088,34280,1462,9159957,elazaron,0
Alamofire/Alamofire,1088,34280,1462,13778438,ccastera,0
Alamofire/Alamofire,1088,34280,1462,17092189,thuutien,0
Alamofire/Alamofire,1088,34280,1462,8999277,Simeon-O,0
Alamofire/Alamofire,1088,34280,1462,10137,ghost,0
Alamofire/Alamofire,1088,34280,1462,3382274,newmanw,0
Alamofire/Alamofire,1088,34280,1462,77145,sn,0
Alamofire/Alamofire,1088,34280,1462,8194616,devbuds,0
Alamofire/Alamofire,1088,34280,1462,15678626,ardee19,0
Alamofire/Alamofire,1088,34280,1462,7938622,martianmartian,0
Alamofire/Alamofire,1088,34280,1462,30514471,Paydayzcool,0
Alamofire/Alamofire,1088,34280,1462,6200265,kadze,0
Alamofire/Alamofire,1088,34280,1462,7128658,jafara,0
Alamofire/Alamofire,1088,34280,1462,241714,travelton,0
Alamofire/Alamofire,1088,34280,1462,198768,kcharwood,8
Alamofire/Alamofire,1088,34280,1462,92683,hermanolsson,0
Alamofire/Alamofire,1088,34280,1462,59564,joshuatbrown,3
Alamofire/Alamofire,1088,34280,1462,2172843,tomwildcat9,0
Alamofire/AlamofireImage,73,3550,520,169110,cnoon,421
AliSoftware/Dip,24,862,552,216089,AliSoftware,73
ArtSabintsev/Siren,58,3621,842,854860,ArtSabintsev,706
ArtSabintsev/Siren,58,3621,842,789577,getaaron,40
Automattic/simplenote-macos,40,1089,2066,1195260,jleandroperez,1636
Automattic/simplenote-macos,40,1089,2066,6619035,crankygeologist,0
Automattic/simplenote-macos,40,1089,2066,14928971,dartiss,0
Automattic/simplenote-macos,40,1089,2066,2724207,deskroid,0
Automattic/simplenote-macos,40,1089,2066,154014,bummytime,25
Automattic/simplenote-macos,40,1089,2066,7679816,kcirrr,0
Automattic/simplenote-macos,40,1089,2066,3476361,supernovia,0
Boris-Em/BEMCheckBox,47,2483,186,4583057,CoolestNerdIII,0
Boris-Em/BEMCheckBox,47,2483,186,4744756,nbfuhao,0
Boris-Em/BEMCheckBox,47,2483,186,4613643,Boris-Em,150
BradLarson/GPUImage2,153,4480,135,2904179,timvermeulen,0
BradLarson/GPUImage2,153,4480,135,954279,BradLarson,108
Brightify/Cuckoo,31,1268,445,284197,TadeasKriz,102
CVCalendar/CVCalendar,107,3356,359,6762769,mozharovsky,133
CVCalendar/CVCalendar,107,3356,359,1330668,teameh,0
CVCalendar/CVCalendar,107,3356,359,12782396,awaisjee15,0
CVCalendar/CVCalendar,107,3356,359,12028287,mustoceacatalin,0
CVCalendar/CVCalendar,107,3356,359,6741676,neugartf,3
Caldis/Mos,81,4868,295,3529490,Caldis,271
Caldis/Mos,81,4868,295,4645762,xqq,0
Carthage/Carthage,392,13874,4225,432536,jspahrsummers,939
Carthage/Carthage,392,13874,4225,22635,alanjrogers,135
Carthage/Carthage,392,13874,4225,24247,joshvera,4
Carthage/Carthage,392,13874,4225,1302,mdiep,739
Carthage/Carthage,392,13874,4225,84700,paulyoung,3
Carthage/Carthage,392,13874,4225,212465,robb,102
Carthage/Carthage,392,13874,4225,782837,jdhealy,153
Carthage/Carthage,392,13874,4225,124499,gfontenot,0
Carthage/Carthage,392,13874,4225,59671,robrix,78
Carthage/Carthage,392,13874,4225,396451,dodikk,0
Carthage/Carthage,392,13874,4225,1175576,AlexDenisov,0
Carthage/Carthage,392,13874,4225,211709,mbuchetics,0
Carthage/Carthage,392,13874,4225,118992,neonichu,5
Carthage/Carthage,392,13874,4225,759730,pietbrauer,0
Carthage/Carthage,392,13874,4225,1638996,justinmakaila,0
Carthage/Carthage,392,13874,4225,501669,dreambt,0
Carthage/Carthage,392,13874,4225,1856935,ricardolpd,0
Carthage/Carthage,392,13874,4225,909674,ikesyo,956
Carthage/Carthage,392,13874,4225,447118,adammendoza,0
Carthage/Carthage,392,13874,4225,1646763,izouxv,0
Carthage/Carthage,392,13874,4225,125011,MikeMcQuaid,1
Carthage/Carthage,392,13874,4225,1614903,Coneko,0
Clipy/Clipy,93,4164,455,2995438,Econa77,277
CocoaDebug/CocoaDebug,58,3483,946,6781027,CocoaDebug,565
CocoaDebug/CocoaDebug,58,3483,946,233960,anysome,0
Codigami/CFAlertViewController,30,1030,229,19900327,vinayak-codigami,33
Codigami/CFAlertViewController,30,1030,229,4860897,shardul89,156
DeclarativeHub/Bond,98,4079,1234,1660804,srdanrasic,824
DeclarativeHub/ReactiveKit,45,1142,508,1660804,srdanrasic,408
Ekhoo/Device,33,1369,187,2883841,Ekhoo,90
FlexMonkey/Filterpedia,61,2071,195,6221298,FlexMonkey,184
GitHawkApp/GitHawk,81,2713,1908,739696,rnystrom,554
GitHawkApp/GitHawk,81,2713,1908,15193942,Sherlouk,62
GitHawkApp/GitHawk,81,2713,1908,4190298,BasThomas,126
GitHawkApp/GitHawk,81,2713,1908,11845433,kcm117,0
HearthSim/HSTracker,62,1039,2142,235510,bmichotte,1428
HearthSim/HSTracker,62,1039,2142,11801379,JerkyGunner,0
HearthSim/HSTracker,62,1039,2142,13740356,krazyfrost,0
IBM-Swift/BlueSocket,68,1161,676,2633131,billabt,249
IBM-Swift/Kitura,268,7387,1160,16103068,shmuelk,112
IBM-Swift/Kitura,268,7387,1160,475463,matteocrippa,0
IBM-Swift/Kitura,268,7387,1160,1310293,rfdickerson,106
IBM-Swift/Kitura,268,7387,1160,6609246,rolivieri,100
IBM-Swift/Kitura,268,7387,1160,1423497,ianpartridge,99
IBM-Swift/Kitura,268,7387,1160,12917107,na-gupta,23
IBM-Swift/Kitura,268,7387,1160,5191832,dfirsht,166
IBM-Swift/Kitura,268,7387,1160,1753816,nonameplum,0
IBM-Swift/Kitura,268,7387,1160,16784982,vadimeisenbergibm,194
IBM-Swift/Kitura,268,7387,1160,7949602,pongsakorn-onsri,0
IBM-Swift/Kitura,268,7387,1160,1579644,cjwirth,1
IBM-Swift/Kitura,268,7387,1160,9559558,collinhundley,0
IBM-Swift/Kitura,268,7387,1160,90307,gverdouw,0
IBM-Swift/Kitura,268,7387,1160,58783,kreeger,0
IBM-Swift/Kitura,268,7387,1160,3519345,freemansion,0
IBM-Swift/Kitura,268,7387,1160,510515,kpcwatson,0
IBM-Swift/Kitura,268,7387,1160,11586922,kweinmeister,13
IBM-Swift/Kitura,268,7387,1160,15163365,generatronServer,0
IBM-Swift/Kitura,268,7387,1160,1215773,ejohnsonw,0
JadenGeller/Helium,67,3516,253,3155005,slashlos,0
JensRavens/Interstellar,28,1081,142,928979,JensRavens,104
Ji4n1ng/OpenInTerminal,25,3110,212,11001224,Ji4n1ng,164
Ji4n1ng/OpenInTerminal,25,3110,212,1798972,alphatr,0
Ji4n1ng/OpenInTerminal,25,3110,212,2769158,Camji55,26
JiriTrecak/Laurine,28,1260,117,7470393,JiriTrecak,85
JohnCoates/Aerial,405,18491,1213,967800,JohnCoates,102
JohnCoates/Aerial,405,18491,1213,4399410,iAlborz,0
JohnCoates/Aerial,405,18491,1213,7927870,CristianMoisei,0
JohnCoates/Aerial,405,18491,1213,727436,omar-jalalzada,0
JohnCoates/Aerial,405,18491,1213,3786627,simplenotezy,0
JohnCoates/Aerial,405,18491,1213,10627164,mgguinne,0
JohnCoates/Aerial,405,18491,1213,125896,alistairmcmillan,16
JohnCoates/Aerial,405,18491,1213,8592087,alokdhir,0
JohnEstropia/CoreStore,69,2573,1076,3029684,JohnEstropia,1011
JohnSundell/Files,50,1892,178,2466701,JohnSundell,137
JohnSundell/SwiftPlate,29,1715,117,2466701,JohnSundell,65
JohnSundell/SwiftPlate,29,1715,117,5009041,codeOfRobin,13
Jounce/Surge,148,4768,337,7659,mattt,51
Lision/WKWebViewJavascriptBridge,17,775,51,13974049,Lision,49
LoopKit/Loop,382,795,1286,5387400,channemann,9
LoopKit/Loop,382,795,1286,1026240,mddub,11
MengTo/Spring,483,13720,254,852375,jamztang,40
MessageKit/MessageKit,126,4327,1636,5232779,sunshinejr,0
MessageKit/MessageKit,126,4327,1636,8127757,omaralbeik,5
MessageKit/MessageKit,126,4327,1636,5675392,bojanstef,1
MessageKit/MessageKit,126,4327,1636,12541774,sairamkotha,0
MessageKit/MessageKit,126,4327,1636,194588,gabrielPeart,0
MessageKit/MessageKit,126,4327,1636,1123124,jyounus,0
MessageKit/MessageKit,126,4327,1636,12063704,rizwankce,0
MessageKit/MessageKit,126,4327,1636,7704799,gutoglup,0
MessageKit/MessageKit,126,4327,1636,7354919,jjjeeerrr111,0
MessageKit/MessageKit,126,4327,1636,9067177,mding5692,1
MessageKit/MessageKit,126,4327,1636,1923835,matteodanelli,0
MessageKit/MessageKit,126,4327,1636,949286,RuiAAPeres,0
MessageKit/MessageKit,126,4327,1636,4401695,gabrielvieira,0
MessageKit/MessageKit,126,4327,1636,58022,darkness51,0
MessageKit/MessageKit,126,4327,1636,21313656,Jimmybee,0
MessageKit/MessageKit,126,4327,1636,7698600,aorumbayev,0
MessageKit/MessageKit,126,4327,1636,6182351,MacMeDan,18
MessageKit/MessageKit,126,4327,1636,2487031,gungorbasa,4
MessageKit/MessageKit,126,4327,1636,1276964,ggthedev,0
MessageKit/MessageKit,126,4327,1636,8292651,LucianoPAlmeida,0
MessageKit/MessageKit,126,4327,1636,1726321,hamdshah,2
MessageKit/MessageKit,126,4327,1636,4039445,ampatalas,0
MessageKit/MessageKit,126,4327,1636,3636081,zkenes,0
MessageKit/MessageKit,126,4327,1636,589421,NinoScript,0
MessageKit/MessageKit,126,4327,1636,14967062,lzyraining,0
MessageKit/MessageKit,126,4327,1636,8666886,telip007,0
MessageKit/MessageKit,126,4327,1636,2022644,Przytua,0
MessageKit/MessageKit,126,4327,1636,529632,mszaro,0
MessageKit/MessageKit,126,4327,1636,15136563,marcsnts,0
MessageKit/MessageKit,126,4327,1636,343299,grevolution,0
MessageKit/MessageKit,126,4327,1636,15701493,andreaantonioni,5
MessageKit/MessageKit,126,4327,1636,4985879,hilalbaig,0
MessageKit/MessageKit,126,4327,1636,7445580,SD10,629
Mortennn/Dozer,43,3846,93,34214574,Mortennn,64
Mortennn/Dozer,43,3846,93,44030337,blennsuan,0
Moya/Moya,256,12415,3257,3053124,tLewisII,0
Moya/Moya,256,12415,3257,429790,michaelmcguire,3
Moya/Moya,256,12415,3257,84700,paulyoung,0
Moya/Moya,256,12415,3257,554,roop,0
Moya/Moya,256,12415,3257,498212,ashfurrow,689
Moya/Moya,256,12415,3257,49038,orta,52
Moya/Moya,256,12415,3257,1506193,aschuch,12
Moya/Moya,256,12415,3257,3539024,crmorse,0
Moya/Moya,256,12415,3257,12459,steam,3
Moya/Moya,256,12415,3257,27570,colinta,41
Moya/Moya,256,12415,3257,118992,neonichu,9
Moya/Moya,256,12415,3257,307819,SRandazzo,2
Moya/Moya,256,12415,3257,1180701,alcarvalho,8
Moya/Moya,256,12415,3257,3356474,skywinder,8
Moya/Moya,256,12415,3257,79303,searls,0
Moya/Moya,256,12415,3257,2320,alloy,0
Moya/Moya,256,12415,3257,1484989,jcampbell05,0
Nightonke/Gitee,19,1086,66,7756581,hackjutsu,0
OAuthSwift/OAuthSwift,88,2691,719,878993,dongri,199
OAuthSwift/OAuthSwift,88,2691,719,3915359,danshev,0
OAuthSwift/OAuthSwift,88,2691,719,901005,Chrisell,0
OAuthSwift/OAuthSwift,88,2691,719,4860607,ramki1979,0
OAuthSwift/OAuthSwift,88,2691,719,11369361,gabriel-jones,0
OAuthSwift/OAuthSwift,88,2691,719,1279819,ejpusa,0
OAuthSwift/OAuthSwift,88,2691,719,8875768,phimage,258
OAuthSwift/OAuthSwift,88,2691,719,6060582,hopye,0
OAuthSwift/OAuthSwift,88,2691,719,4634798,jdbateman,0
OAuthSwift/OAuthSwift,88,2691,719,11346086,Berdikhan,0
OAuthSwift/OAuthSwift,88,2691,719,1949486,tijee,0
OAuthSwift/OAuthSwift,88,2691,719,4009360,makeitTim,0
OAuthSwift/OAuthSwift,88,2691,719,3800282,zavada,0
OAuthSwift/OAuthSwift,88,2691,719,1335873,kittrCZ,0
OAuthSwift/OAuthSwift,88,2691,719,545878,sephethus,0
OAuthSwift/OAuthSwift,88,2691,719,8208726,vishu3258,0
OAuthSwift/OAuthSwift,88,2691,719,1748880,smbhuin,0
OAuthSwift/OAuthSwift,88,2691,719,28934641,martindufort,0
OAuthSwift/OAuthSwift,88,2691,719,7195235,idelfonsog2,0
OnionBrowser/OnionBrowser,119,1347,1051,53129,mtigas,112
OnionBrowser/OnionBrowser,119,1347,1051,23238,daxelrod,0
OnionBrowser/OnionBrowser,119,1347,1051,30851,n8fr8,0
OnionBrowser/OnionBrowser,119,1347,1051,117089,tladesignz,84
OnionBrowser/OnionBrowser,119,1347,1051,7384288,wongzigii,0
OnionBrowser/OnionBrowser,119,1347,1051,518687,chrisballinger,0
OpenCombine/OpenCombine,30,1341,328,16309982,broadwaylamb,258
OpenCombine/OpenCombine,30,1341,328,3721061,viktorasl,0
OpenCombine/OpenCombine,30,1341,328,1857415,rahul0x24,0
PerfectlySoft/Perfect,646,13793,800,1755579,kjessup,596
PerfectlySoft/Perfect,646,13793,800,5313847,Ankish,0
PerfectlySoft/Perfect,646,13793,800,4859453,tranhieutt,0
PerfectlySoft/Perfect,646,13793,800,11148585,Tomikes,0
PerfectlySoft/Perfect,646,13793,800,3789179,iamjono,27
PerfectlySoft/Perfect,646,13793,800,3176559,Abdul-Moiz,0
PerfectlySoft/Perfect,646,13793,800,4843821,mpclarkson,0
PerfectlySoft/Perfect,646,13793,800,10903786,sumantimalsina9,0
PerfectlySoft/Perfect,646,13793,800,898064,ludagoo,7
PerfectlySoft/Perfect,646,13793,800,1726017,dsp1589,0
PerfectlySoft/Perfect,646,13793,800,2954549,rymcol,6
Polidea/RxBluetoothKit,44,1154,623,242131,literator,39
PopcornTimeTV/PopcornTimeTV,127,1177,24,20918967,tropicaxis,0
PopcornTimeTV/PopcornTimeTV,127,1177,24,20926198,FlaviaBondJamesBondsHusband,0
PopcornTimeTV/PopcornTimeTV,127,1177,24,19330175,Evhelden,0
ProjectDent/ARKit-CoreLocation,201,4813,387,10387238,acroutworst,0
ProjectDent/ARKit-CoreLocation,201,4813,387,952873,ghecho,0
Quick/Nimble,92,3842,1644,1188140,atermenji,0
Quick/Nimble,92,3842,1644,68616,jeffh,482
RNCryptor/RNCryptor,117,3213,551,10137,ghost,0
RNCryptor/RNCryptor,117,3213,551,429858,rnapier,477
RNCryptor/RNCryptor,117,3213,551,22005,skabber,0
RNCryptor/RNCryptor,117,3213,551,55742,kvangork,2
RNCryptor/RNCryptor,117,3213,551,3420325,sgtsquiggs,0
RNCryptor/RNCryptor,117,3213,551,1476787,curtisdf,21
RNCryptor/RNCryptor,117,3213,551,3513691,vsymguysung,0
RNCryptor/RNCryptor,117,3213,551,1033299,hugo53,0
RNCryptor/RNCryptor,117,3213,551,2541374,timestretch,2
RNCryptor/RNCryptor,117,3213,551,157480,kkazuo,0
RNCryptor/RNCryptor,117,3213,551,2417569,carllindberg,1
RNCryptor/RNCryptor,117,3213,551,602830,priteshshah1983,0
RNCryptor/RNCryptor,117,3213,551,100976,an0,1
RNCryptor/RNCryptor,117,3213,551,920135,aperechnev,0
RNCryptor/RNCryptor,117,3213,551,1729042,javalnanda,0
RNCryptor/RNCryptor,117,3213,551,7240389,lemarian,0
RNCryptor/RNCryptor,117,3213,551,4370846,NathanRussak,0
Ranchero-Software/NetNewsWire,108,3725,6297,16448027,vincode-io,3018
Ranchero-Software/NetNewsWire,108,3725,6297,190134,pdokas,3
ReactiveCocoa/ReactiveCocoa,874,19858,8638,13760,joshaber,1324
ReactiveCocoa/ReactiveCocoa,874,19858,8638,430233,fatuhoku,0
ReactiveCocoa/ReactiveCocoa,874,19858,8638,432536,jspahrsummers,2495
ReactiveCocoa/ReactiveCocoa,874,19858,8638,867483,jwilling,3
ReactiveCocoa/ReactiveCocoa,874,19858,8638,2771,andymatuschak,42
ReactiveCocoa/ReactiveCocoa,874,19858,8638,24421,sarahhodne,12
ReactiveCocoa/ReactiveCocoa,874,19858,8638,62405,dannygreg,0
ReactiveCocoa/ReactiveCocoa,874,19858,8638,1048705,fabiopelosin,0
ReactiveCocoa/ReactiveCocoa,874,19858,8638,1614903,Coneko,0
ReactiveCocoa/ReactiveCocoa,874,19858,8638,1614904,thenikso,19
ReactiveCocoa/ReactiveCocoa,874,19858,8638,22635,alanjrogers,57
ReactiveCocoa/ReactiveCocoa,874,19858,8638,1066961,zakdances,0
ReactiveCocoa/ReactiveSwift,80,2668,8649,685609,NachoSoto,278
ReactiveCocoa/ReactiveSwift,80,2668,8649,1763961,craigzour,0
ReactiveCocoa/ReactiveSwift,80,2668,8649,1302,mdiep,457
ReactiveCocoa/ReactiveSwift,80,2668,8649,147686,sharplet,54
ReactiveCocoa/ReactiveSwift,80,2668,8649,30133,liscio,42
ReactiveX/RxSwift,555,19007,3416,1641148,kzaher,1711
ReactiveX/RxSwift,555,19007,3416,6240851,manumax,0
ReactiveX/RxSwift,555,19007,3416,1506193,aschuch,0
ReactiveX/RxSwift,555,19007,3416,52437,tp,0
ReactiveX/RxSwift,555,19007,3416,1359809,zenkimoto,0
ReactiveX/RxSwift,555,19007,3416,159493,bontoJR,25
ReactiveX/RxSwift,555,19007,3416,3834345,lfaoro,4
Rightpoint/BonMot,61,2799,1282,1039147,jvisenti,1
Rightpoint/BonMot,61,2799,1282,114322,KingOfBrian,9
RocketChat/Rocket.Chat.iOS,72,1025,7210,2420882,gsaslis,70
RocketChat/Rocket.Chat.iOS,72,1025,7210,10133190,kormic,2
RocketChat/Rocket.Chat.iOS,72,1025,7210,280825,NickBusey,0
RocketChat/Rocket.Chat.iOS,72,1025,7210,10269200,Sugaroverdose,0
RocketChat/Rocket.Chat.iOS,72,1025,7210,7276510,DanYoung-1,0
RocketChat/Rocket.Chat.iOS,72,1025,7210,5284987,ktt9117,0
RocketChat/Rocket.Chat.iOS,72,1025,7210,551004,rafaelks,3260
RocketChat/Rocket.Chat.iOS,72,1025,7210,5877910,TheReal1604,5
RocketChat/Rocket.Chat.iOS,72,1025,7210,25293161,gradler,6
RocketChat/Rocket.Chat.iOS,72,1025,7210,234261,rodrigok,4
RocketChat/Rocket.Chat.iOS,72,1025,7210,37373969,Jamirkhan50,0
RocketChat/Rocket.Chat.iOS,72,1025,7210,759887,Jellyfrog,0
RocketChat/Rocket.Chat.iOS,72,1025,7210,6117280,filipealva,821
RocketChat/Rocket.Chat.iOS,72,1025,7210,790061,ideologysec,0
RocketChat/Rocket.Chat.iOS,72,1025,7210,13519782,CineXMike,0
RxSwiftCommunity/RxAlamofire,48,1392,270,159493,bontoJR,50
RxSwiftCommunity/RxDataSources,73,2438,382,1641148,kzaher,244
RxSwiftCommunity/RxFlow,44,1332,199,12281292,twittemb,155
RxSwiftCommunity/RxFlow,44,1332,199,49038,orta,0
RxSwiftCommunity/RxGesture,38,1002,218,633862,icanzilb,57
RxSwiftCommunity/RxSwiftExt,46,1003,475,1141680,thanegill,2
SCENEE/FloatingPanel,52,3825,595,899487,SCENEE,547
SkrewEverything/Swift-Keylogger,34,953,27,15038803,SkrewEverything,20
SnapKit/SnapKit,398,16782,510,598870,cloudkite,7
SnapKit/SnapKit,398,16782,510,644764,ahti,0
SnapKit/SnapKit,398,16782,510,886155,nickynick,0
SnapKit/SnapKit,398,16782,510,214288,robertjpayne,383
SwiftGen/SwiftGen,104,6501,2300,216089,AliSoftware,632
SwiftGen/SwiftGen,104,6501,2300,89718,yoiang,0
SwiftGen/SwiftGen,104,6501,2300,28851,phatblat,9
SwiftGen/SwiftGen,104,6501,2300,96165,jmacmullin,0
SwiftGen/SwiftGen,104,6501,2300,1955364,krodak,0
SwiftGen/SwiftGen,104,6501,2300,254198,netbe,0
SwiftValidatorCommunity/SwiftValidator,37,1315,225,2466729,jpotts18,95
SwifterSwift/SwifterSwift,249,8789,858,8127757,omaralbeik,407
SwiftyBeaver/SwiftyBeaver,77,4871,557,2075915,vittoriom,0
SwiftyBeaver/SwiftyBeaver,77,4871,557,194250,prenagha,6
SwiftyBeaver/SwiftyBeaver,77,4871,557,893113,georgbachmann,0
SwiftyBeaver/SwiftyBeaver,77,4871,557,13626274,jenjia,0
SwiftyBeaver/SwiftyBeaver,77,4871,557,59080,DivineDominion,5
SwiftyBeaver/SwiftyBeaver,77,4871,557,1717860,amyleecodes,0
SwiftyBeaver/SwiftyBeaver,77,4871,557,2766321,davidrothera,8
SwiftyBeaver/SwiftyBeaver,77,4871,557,971530,tosbaha,0
SwiftyBeaver/SwiftyBeaver,77,4871,557,2393781,yonaskolb,0
SwiftyBeaver/SwiftyBeaver,77,4871,557,850045,reesemclean,3
SwiftyJSON/SwiftyJSON,657,19919,734,8226978,lbellego,0
SwiftyJSON/SwiftyJSON,657,19919,734,4026614,hobbesthetige,0
SwiftyJSON/SwiftyJSON,657,19919,734,272929,LukeTangPL,157
Swinject/Swinject,98,4189,902,909674,ikesyo,0
Swinject/Swinject,98,4189,902,965994,yoichitgy,624
Swinject/Swinject,98,4189,902,782627,dcunited001,0
Swinject/Swinject,98,4189,902,2094466,jakubvano,199
Swinject/Swinject,98,4189,902,1854704,gfpoliva,1
Swinject/Swinject,98,4189,902,59230,paulz,0
Swinject/Swinject,98,4189,902,6087389,koogle,0
Swinject/Swinject,98,4189,902,2772537,cooler333,0
Swinject/Swinject,98,4189,902,306467,jlyonsmith,2
TakeScoop/SwiftyRSA,52,828,106,941453,ldiqual,78
TakeScoop/SwiftyRSA,52,828,106,11842328,quentinlesceller,6
TakeScoop/SwiftyRSA,52,828,106,132291,mwaterfall,0
TakeScoop/SwiftyRSA,52,828,106,6835876,paulw11,5
TakeScoop/SwiftyRSA,52,828,106,4246780,reitzig,0
TakeScoop/SwiftyRSA,52,828,106,13796652,destinyxxl,0
TakeScoop/SwiftyRSA,52,828,106,10575519,rchatham,0
TakeScoop/SwiftyRSA,52,828,106,16848003,anirudhamahale,0
TakeScoop/SwiftyRSA,52,828,106,5066926,zhihuitang,0
TakeScoop/SwiftyRSA,52,828,106,626743,serieuxchat,0
TakeScoop/SwiftyRSA,52,828,106,60738,wuf810,0
TakeScoop/SwiftyRSA,52,828,106,1235629,shaahin,0
TakeScoop/SwiftyRSA,52,828,106,19794985,mlh-anhnh,0
TakeScoop/SwiftyRSA,52,828,106,5115869,icedice,0
TakeScoop/SwiftyRSA,52,828,106,10040900,ameue,0
TakeScoop/SwiftyRSA,52,828,106,26317350,QianJiaming,0
TakeScoop/SwiftyRSA,52,828,106,9253071,jimidobson,0
TakeScoop/SwiftyRSA,52,828,106,2657310,J7mbo,0
TelegramMessenger/Telegram-iOS,94,1785,16817,558519,guspinto,0
TelegramMessenger/Telegram-iOS,94,1785,16817,7225868,midianet,0
TelegramMessenger/Telegram-iOS,94,1785,16817,491013,laktyushin,2121
Thomvis/BrightFutures,54,1836,700,134170,Thomvis,545
Zewo/Zewo,65,1842,460,203914,codegefluester,0
Zewo/Zewo,65,1842,460,5857998,BenchR267,1
Zewo/Zewo,65,1842,460,5126193,paulofaria,345
adamwaite/Validator,34,1416,268,1426233,adamwaite,202
airbnb/Lona,195,7200,2194,635300,ryngonzalez,0
airbnb/Lona,195,7200,2194,1198882,dabbott,1685
airbnb/Lona,195,7200,2194,45469,ljharb,1
airbnb/Lona,195,7200,2194,1274858,dennislaupman,1
airbnb/MagazineLayout,52,2763,47,746571,bryankeller,37
airbnb/MagazineLayout,52,2763,47,45469,ljharb,0
alexaubry/BulletinBoard,70,4809,316,16192914,alexaubry,243
alexeyxo/protobuf-swift,40,918,328,2980636,alexeyxo,289
alibaba/HandyJSON,84,3481,328,8655789,codecov-io,0
amitburst/HackerNews,66,1246,72,7763632,philantoline,0
apollographql/apollo-ios,79,2656,2154,4250050,apollo-cla,0
apollographql/apollo-ios,79,2656,2154,54485,martijnwalraven,335
apollographql/apollo-ios,79,2656,2154,1496135,MrAlek,2
apollographql/apollo-ios,79,2656,2154,112310,MaxDesiatov,0
apollographql/apollo-ios,79,2656,2154,1976498,designatednerd,1183
apollographql/apollo-ios,79,2656,2154,40718055,ShreyanshAlchemy,0
apple/sourcekit-lsp,140,2003,811,3412956,benlangmuir,519
apple/sourcekit-lsp,140,2003,811,5862228,cgarciae,0
apple/swift-nio,184,6054,1658,624238,weissi,665
apple/swift-nio,184,6054,1658,147247,tomerd,30
apple/swift-nio,184,6054,1658,439362,normanmaurer,391
apple/swift-nio,184,6054,1658,1382556,Lukasa,219
apple/swift-nio,184,6054,1658,36821322,swift-nio-bot,0
apple/swift-nio,184,6054,1658,36888095,jordan2936,0
apple/swift-numerics,47,919,190,44065,dabrahams,0
apple/swift-numerics,47,919,190,1847260,dastrobu,0
apple/swift-numerics,47,919,190,24483645,awav,0
apple/swift-numerics,47,919,190,24968877,ChanSays,0
apple/swift-numerics,47,919,190,15214624,paulrs,0
apple/swift-package-manager,388,7928,5117,58962,mxcl,422
apple/swift-package-manager,388,7928,5117,106625,ddunbar,572
apple/swift-package-manager,388,7928,5117,44164,kylef,0
apple/swift-package-manager,388,7928,5117,736545,fizker,0
apple/swift-protobuf,97,3183,1903,21696764,tbkka,650
apple/swift-protobuf,97,3183,1903,1062427,allevato,76
apple/swift-protobuf,97,3183,1903,5120183,jcanizales,0
apple/swift-protobuf,97,3183,1903,5279928,thomasvl,1052
apple/swift-protobuf,97,3183,1903,1398793,kientzle,0
artsy/eidolon,130,2619,1757,498212,ashfurrow,1185
artsy/eidolon,130,2619,1757,49038,orta,404
artsy/eidolon,130,2619,1757,1946610,segiddins,2
artsy/eidolon,130,2619,1757,3171662,1aurabrown,0
aschuch/AwesomeCache,27,1213,139,1506193,aschuch,105
aschuch/StatefulViewController,36,2072,114,1506193,aschuch,96
ashleymills/Reachability.swift,135,6925,335,329318,ashleymills,217
aslanyanhaik/Quick-Chat,85,1701,115,8287601,aslanyanhaik,34
awslabs/aws-sdk-ios-samples,105,955,201,937441,turacma,6
benjaminmayo/merchantkit,26,922,385,713431,benjaminmayo,373
bizz84/SwiftyStoreKit,111,5043,803,153167,bizz84,637
bizz84/SwiftyStoreKit,111,5043,803,10794609,acegreen,0
bizz84/SwiftyStoreKit,111,5043,803,5823445,NicolasMahe,11
bizz84/SwiftyStoreKit,111,5043,803,7348507,bb-git,0
bizz84/SwiftyStoreKit,111,5043,803,173707,mingyeow,0
bizz84/SwiftyStoreKit,111,5043,803,10519862,francisjervis,0
bizz84/SwiftyStoreKit,111,5043,803,71601,aehlke,0
bizz84/SwiftyStoreKit,111,5043,803,774359,aivars,0
bizz84/SwiftyStoreKit,111,5043,803,9093854,Kymer,0
bizz84/SwiftyStoreKit,111,5043,803,5401779,jabhiji,0
bizz84/SwiftyStoreKit,111,5043,803,106813,msamoylov,1
bizz84/SwiftyStoreKit,111,5043,803,28483585,hanming223,0
bizz84/SwiftyStoreKit,111,5043,803,10479469,stanmots,0
bizz84/SwiftyStoreKit,111,5043,803,6580313,JulianKahnert,0
bizz84/SwiftyStoreKit,111,5043,803,592576,tikhop,0
bizz84/SwiftyStoreKit,111,5043,803,1420786,teologov,0
bizz84/SwiftyStoreKit,111,5043,803,163635,nuthinking,0
bizz84/SwiftyStoreKit,111,5043,803,11498205,gerchicov-bp,0
bizz84/SwiftyStoreKit,111,5043,803,6886305,nlogioco,0
bizz84/SwiftyStoreKit,111,5043,803,3730187,Toldy,0
bizz84/SwiftyStoreKit,111,5043,803,3976868,oleynikd,0
bizz84/SwiftyStoreKit,111,5043,803,317671,iwasrobbed,0
bizz84/SwiftyStoreKit,111,5043,803,10665201,mobilinked,0
bizz84/SwiftyStoreKit,111,5043,803,10601271,zabolotiny,0
bizz84/SwiftyStoreKit,111,5043,803,2488011,rebeloper,0
bizz84/SwiftyStoreKit,111,5043,803,29829961,klische,0
bizz84/SwiftyStoreKit,111,5043,803,24409853,rafaelapaula,0
bizz84/SwiftyStoreKit,111,5043,803,7271766,kuzdu,0
bizz84/SwiftyStoreKit,111,5043,803,842335,twprzybysz,0
bizz84/SwiftyStoreKit,111,5043,803,14977463,sensencoder,0
bizz84/SwiftyStoreKit,111,5043,803,43328387,dataman17,0
buildasaurs/Buildasaur,20,776,647,2182121,czechboy0,55
buildasaurs/Buildasaur,20,776,647,12386246,buildasaur,0
bustoutsolutions/siesta,55,2066,1291,378162,pcantrell,1196
bustoutsolutions/siesta,55,2066,1291,16421915,gthrb22,0
caiyue1993/IceCream,41,1440,462,6007760,caiyue1993,364
caiyue1993/IceCream,41,1440,462,13846268,ianbradbury-bizzibody,0
caiyue1993/IceCream,41,1440,462,1556144,matadan,0
caiyue1993/IceCream,41,1440,462,5069285,purkylin,0
caiyue1993/IceCream,41,1440,462,75346,rodericj,0
caiyue1993/IceCream,41,1440,462,13778103,omerbaskurt,0
caiyue1993/IceCream,41,1440,462,1169495,emilebennett,0
caiyue1993/IceCream,41,1440,462,614841,kishinmanglani,0
caiyue1993/IceCream,41,1440,462,13682308,alexgerrese,0
carekit-apple/CareKit,131,1932,407,13040996,umerkhan-apple,46
cjwirth/RichEditorView,52,1573,138,1579644,cjwirth,105
cjwirth/RichEditorView,52,1573,138,8887706,jesiegel1,10
cjwirth/RichEditorView,52,1573,138,2553680,terenzeyuen,0
consenlabs/token-core-ios,43,844,24,10441775,XuNeal,15
corona-warn-app/cwa-app-ios,98,1394,3681,4385357,dasdom,20
corona-warn-app/cwa-app-ios,98,1394,3681,13185384,Schlabbi,0
corona-warn-app/cwa-app-ios,98,1394,3681,19194800,fredpi,0
corona-warn-app/cwa-app-ios,98,1394,3681,153225,ChristianKienle,511
corona-warn-app/cwa-app-ios,98,1394,3681,15961043,inf2381,506
corona-warn-app/cwa-app-ios,98,1394,3681,64405225,haosap,224
corona-warn-app/cwa-app-ios,98,1394,3681,3323565,dungi,0
corona-warn-app/cwa-app-ios,98,1394,3681,126418,kimar,0
corona-warn-app/cwa-app-ios,98,1394,3681,64405765,steins-code,184
coteditor/CotEditor,117,3225,10055,1165044,1024jp,9608
daltoniam/Starscream,135,6192,574,905059,daltoniam,325
daltoniam/Starscream,135,6192,574,369165,vikingjs,0
daltoniam/Starscream,135,6192,574,10137,ghost,0
daltoniam/Starscream,135,6192,574,1024755,acmacalister,20
daltoniam/Starscream,135,6192,574,3594613,shawnmitchell,0
daltoniam/Starscream,135,6192,574,1117750,Struki84,0
daltoniam/Starscream,135,6192,574,7181111,ShGup,0
daltoniam/Starscream,135,6192,574,29626995,Jagathish1994,0
daltoniam/Starscream,135,6192,574,3419988,nicolasbigot,2
daltoniam/Starscream,135,6192,574,3541185,ricardopereira,2
daltoniam/Starscream,135,6192,574,3029684,JohnEstropia,0
daltoniam/Starscream,135,6192,574,88144,mattlilek,0
daltoniam/Starscream,135,6192,574,3619880,GuyKahlon,0
daltoniam/Starscream,135,6192,574,14245117,LamourBt,0
daltoniam/SwiftHTTP,100,1828,224,905059,daltoniam,160
daltoniam/SwiftHTTP,100,1828,224,1024755,acmacalister,23
danielgindi/Charts,616,23251,1713,366926,danielgindi,1027
danielgindi/Charts,616,23251,1713,6759734,PhilJay,15
danielgindi/Charts,616,23251,1713,6049347,vineethvijayan,0
ddddxxx/LyricsX,48,2309,1370,11691433,ddddxxx,1358
dduan/Just,36,1313,347,75067,dduan,318
devicekit/DeviceKit,60,3090,267,8017512,dennisweissmann,119
djyde/WebShell,38,1489,184,10137,ghost,0
djyde/WebShell,38,1489,184,914329,djyde,54
dkhamsing/open-source-ios-apps,1353,24593,4680,4723115,dkhamsing,2361
ello/ello-ios,21,729,7722,27570,colinta,4805
ello/ello-ios,21,729,7722,3814772,AndrewSB,2
ello/ello-ios,21,729,7722,12459,steam,1660
emqx/CocoaMQTT,80,1033,343,11869,emqplus,0
emqx/CocoaMQTT,80,1033,343,812037,fabiosoft,0
emqx/CocoaMQTT,80,1033,343,20216766,alexyu1989,31
entotsu/TKSubmitTransition,44,2237,92,12815918,hbj520,0
entotsu/TKSubmitTransition,44,2237,92,768893,danipralea,0
entotsu/TKSubmitTransition,44,2237,92,5377970,pjebs,0
entotsu/TKSubmitTransition,44,2237,92,2075801,entotsu,36
entotsu/TKSubmitTransition,44,2237,92,6454286,jesster2k10,8
evermeer/EVReflection,31,946,710,130834,evermeer,659
facebookarchive/facebook-swift-sdk,109,1548,194,20170162,pivotalstitch,0
facebookarchive/facebook-swift-sdk,109,1548,194,2739381,erikbeerepoot,0
facebookarchive/facebook-swift-sdk,109,1548,194,664434,esetnik,0
facebookarchive/facebook-swift-sdk,109,1548,194,2590360,danmunoz,0
facebookarchive/facebook-swift-sdk,109,1548,194,606991,nlutsenko,59
facebookarchive/facebook-swift-sdk,109,1548,194,1205894,adamdahan,0
facebookarchive/facebook-swift-sdk,109,1548,194,2069158,EvgenyKarkan,0
facebookarchive/facebook-swift-sdk,109,1548,194,6062429,dariuxmx,0
facebookarchive/facebook-swift-sdk,109,1548,194,67223,brandons,0
facebookarchive/facebook-swift-sdk,109,1548,194,6147912,iwming,0
facebookarchive/facebook-swift-sdk,109,1548,194,1114057,aldrich,0
facebookarchive/facebook-swift-sdk,109,1548,194,17900695,rspl-nilesh,0
facebookarchive/facebook-swift-sdk,109,1548,194,13727119,bazoooki,0
facebookarchive/facebook-swift-sdk,109,1548,194,314019,mp3il,0
facebookarchive/facebook-swift-sdk,109,1548,194,78852,andytriboletti,0
facebookarchive/facebook-swift-sdk,109,1548,194,952836,costimuraru,0
facebookarchive/facebook-swift-sdk,109,1548,194,1319070,nitinbizsingh,0
facebookarchive/facebook-swift-sdk,109,1548,194,722716,rinat-enikeev,0
facebookarchive/facebook-swift-sdk,109,1548,194,15121098,zrx89757,0
facebookarchive/facebook-swift-sdk,109,1548,194,20614330,EvsenevDev,0
facebookarchive/facebook-swift-sdk,109,1548,194,6422482,facebook-github-bot,0
facebookarchive/facebook-swift-sdk,109,1548,194,3421625,dnsbty,0
facebookarchive/facebook-swift-sdk,109,1548,194,1854038,MoridinBG,0
facebookarchive/facebook-swift-sdk,109,1548,194,1647328,nico75005,0
facebookarchive/facebook-swift-sdk,109,1548,194,18745335,danilomozer,0
facebookarchive/facebook-swift-sdk,109,1548,194,10130372,scoobydont,0
facebookarchive/facebook-swift-sdk,109,1548,194,3785570,SaifAlDilaimi,0
fahidattique55/FAPanels,25,827,19,12518061,fahidattique55,18
fossasia/susi_iOS,23,1425,262,2404372,niranjan94,0
fossasia/susi_iOS,23,1425,262,12032343,ishaan1995,2
fossasia/susi_iOS,23,1425,262,8962264,chashmeetsingh,94
fossasia/susi_iOS,23,1425,262,1583873,mariobehling,2
fossasia/susi_iOS,23,1425,262,8947010,abishekvashok,0
fossasia/susi_iOS,23,1425,262,16309034,betterclever,2
fossasia/susi_iOS,23,1425,262,16978820,chiragw15,1
gee1k/uPic,32,1695,557,12059800,gee1k,497
gee1k/uPic,32,1695,557,22665058,Songkeys,0
goktugyil/EZSwiftExtensions,87,2832,847,5816878,goktugyil,350
googleprojectzero/fuzzilli,49,1013,142,2453290,saelo,0
googleprojectzero/fuzzilli,49,1013,142,11471906,singleghost,0
googleprojectzero/fuzzilli,49,1013,142,4627645,hotwinter,1
googleprojectzero/fuzzilli,49,1013,142,47948191,shuidixu,0
groue/GRDB.swift,75,3185,8562,54219,groue,8301
groue/GRDB.swift,75,3185,8562,8608,siuying,0
groue/GRDB.swift,75,3185,8562,3134048,sablib,0
groue/GRDB.swift,75,3185,8562,13681380,egrimmius,0
groue/GRDB.swift,75,3185,8562,5324653,cfilipov,0
grpc/grpc-swift,67,1054,1178,405,timburks,522
grpc/grpc-swift,67,1054,1178,5120183,jcanizales,0
grpc/grpc-swift,67,1054,1178,117466,MrMage,206
grpc/grpc-swift,67,1054,1178,289994,johndpope,2
grpc/grpc-swift,67,1054,1178,763698,mtitolo,0
grpc/grpc-swift,67,1054,1178,6206865,salman-ahmad,0
grpc/grpc-swift,67,1054,1178,2380740,thedodd,0
grpc/grpc-swift,67,1054,1178,1173057,bootstraponline,2
grpc/grpc-swift,67,1054,1178,547926,dcow,0
grpc/grpc-swift,67,1054,1178,2606672,JonasVautherin,6
grpc/grpc-swift,67,1054,1178,5384588,googlebot,0
grpc/grpc-swift,67,1054,1178,10137,ghost,0
hollance/Forge,65,1234,72,346853,hollance,69
httpswift/swifter,105,3049,612,492449,damian-kolakowski,283
hyperoslo/Cache,46,2094,784,8013017,richardtop,0
hyperoslo/Lightbox,41,1257,601,6138120,RamonGilabert,141
ianyh/Amethyst,103,7788,1196,212270,ianyh,965
iina/iina,528,24692,2840,708277,droid-Q,3
iina/iina,528,24692,2840,8478049,lhc70000,1499
iina/iina,528,24692,2840,271715,androidcn,0
iina/iina,528,24692,2840,3105373,xu-cheng,6
iina/iina,528,24692,2840,2218314,tony1016,0
iina/iina,528,24692,2840,9649385,megadr01d,0
iina/iina,528,24692,2840,7290183,xxmmllqqqqccqq,0
iina/iina,528,24692,2840,2270433,LeoNatan,2
ishkawa/APIKit,60,1745,964,909674,ikesyo,173
jcavar/refresher,33,886,152,3751289,jcavar,142
johnno1962/InjectionIII,23,1794,144,1786033,johnno1962,111
johnno1962/InjectionIII,23,1794,144,57446,zenangst,28
johnno1962/InjectionIII,23,1794,144,10287013,yangchao0033,0
johnno1962/InjectionIII,23,1794,144,6522133,garsdle,0
johnno1962/InjectionIII,23,1794,144,16732013,yuzhouheike,0
johnno1962/InjectionIII,23,1794,144,166885,lazylady,0
johnno1962/InjectionIII,23,1794,144,13159169,narendrabade,0
jpsim/SourceKitten,43,1819,1659,474794,jpsim,1130
jrendel/SwiftKeychainWrapper,33,1216,219,1194497,jrendel,113
kasketis/netfox,51,2956,398,2895107,kasketis,75
kickstarter/ios-oss,218,7411,2027,397927,digoreis,0
kickstarter/ios-oss,218,7411,2027,135203,mbrandonw,550
kickstarter/ios-oss,218,7411,2027,20136542,tudemon,0
kickstarter/ios-oss,218,7411,2027,89922,Jwomers,0
kickstarter/ios-oss,218,7411,2027,988998,theginbin,222
kishikawakatsumi/KeychainAccess,107,5794,546,40610,kishikawakatsumi,504
kishikawakatsumi/KeychainAccess,107,5794,546,777591,zeusent,0
kmikiy/SpotMenu,41,2403,365,26368233,camden,0
kmikiy/SpotMenu,41,2403,365,14206503,kmikiy,328
kmikiy/SpotMenu,41,2403,365,2322076,SyberToto,0
kmikiy/SpotMenu,41,2403,365,6207220,lucasbento,0
krzyzanowskim/CryptoSwift,174,7998,1272,758033,krzyzanowskim,1082
krzyzanowskim/CryptoSwift,174,7998,1272,2343574,vincentsong,0
krzyzanowskim/CryptoSwift,174,7998,1272,14242767,clozr,0
krzyzanowskim/CryptoSwift,174,7998,1272,10137,ghost,0
krzyzanowskim/CryptoSwift,174,7998,1272,59418688,frank61003,0
krzyzanowskim/CryptoSwift,174,7998,1272,118992,neonichu,0
krzyzanowskim/CryptoSwift,174,7998,1272,44164,kylef,2
krzyzanowskim/CryptoSwift,174,7998,1272,272926,ColtonProvias,0
krzyzanowskim/CryptoSwift,174,7998,1272,5367141,rustymagnet3000,0
krzyzanowskim/CryptoSwift,174,7998,1272,303121,olutsenko,0
krzyzanowskim/CryptoSwift,174,7998,1272,14796429,saltyskip,0
krzyzanowskim/CryptoSwift,174,7998,1272,1082222,TofPlay,0
krzyzanowskim/CryptoSwift,174,7998,1272,8907863,shreyasthiagaraj,0
krzyzanowskim/CryptoSwift,174,7998,1272,12409307,ethanhuang13,0
krzyzanowskim/CryptoSwift,174,7998,1272,3915359,danshev,0
krzyzanowskim/CryptoSwift,174,7998,1272,12616043,drewpitchford,0
krzyzanowskim/CryptoSwift,174,7998,1272,864410,Sajjon,0
krzyzanowskim/CryptoSwift,174,7998,1272,86441,archie,0
krzyzanowskim/CryptoSwift,174,7998,1272,15784970,shashidev,0
krzyzanowskim/CryptoSwift,174,7998,1272,1012467,DaveWoodCom,2
krzyzanowskim/CryptoSwift,174,7998,1272,274318,markst,0
krzyzanowskim/CryptoSwift,174,7998,1272,777591,zeusent,0
krzyzanowskim/CryptoSwift,174,7998,1272,9986928,thaak-teleboy,1
krzyzanowskim/CryptoSwift,174,7998,1272,7099333,thehellsoul,0
krzyzanowskim/CryptoSwift,174,7998,1272,28531470,kalpeshjjethva,0
krzyzanowskim/CryptoSwift,174,7998,1272,13586174,ChristianSteffens,1
krzyzanowskim/CryptoSwift,174,7998,1272,9809181,EllimanMC,0
krzyzanowskim/CryptoSwift,174,7998,1272,147281,jckarter,0
krzyzanowskim/CryptoSwift,174,7998,1272,8367760,CoderAFI,0
krzyzanowskim/CryptoSwift,174,7998,1272,283886,keith,1
krzyzanowskim/CryptoSwift,174,7998,1272,922026,jparishy,0
krzyzanowskim/CryptoSwift,174,7998,1272,26886,kiokumicu,0
krzyzanowskim/CryptoSwift,174,7998,1272,20036490,ashiqsulaimanbaryons,0
krzyzanowskim/CryptoSwift,174,7998,1272,1004491,rbukovansky,0
krzyzanowskim/CryptoSwift,174,7998,1272,21126201,Goule,0
krzyzanowskim/CryptoSwift,174,7998,1272,153967,krisives,0
krzyzanowskim/CryptoSwift,174,7998,1272,5779307,UberJason,0
krzyzanowskim/CryptoSwift,174,7998,1272,12748171,sevenbanks,0
krzyzanowskim/CryptoSwift,174,7998,1272,3419766,colemancda,5
krzyzanowskim/CryptoSwift,174,7998,1272,1951674,Joannis,0
krzyzanowskim/CryptoSwift,174,7998,1272,580463,ldrr,0
krzyzanowskim/CryptoSwift,174,7998,1272,3803268,hamada147,0
krzyzanowskim/CryptoSwift,174,7998,1272,5082970,samynu,0
krzyzanowskim/CryptoSwift,174,7998,1272,6401619,SunnyGit,0
krzyzanowskim/CryptoSwift,174,7998,1272,523041,Frizlab,0
krzyzanowskim/CryptoSwift,174,7998,1272,4961474,fabrijp,0
krzyzanowskim/CryptoSwift,174,7998,1272,32328557,pranav1605,0
krzyzanowskim/CryptoSwift,174,7998,1272,16274464,gyzerocc,0
krzyzanowskim/CryptoSwift,174,7998,1272,6448412,Samyro,0
krzyzanowskim/CryptoSwift,174,7998,1272,30791194,IshwaryaRaja,0
krzyzanowskim/CryptoSwift,174,7998,1272,29884011,mohdimran3pg,0
krzyzanowskim/CryptoSwift,174,7998,1272,13534354,luke-park,0
krzyzanowskim/CryptoSwift,174,7998,1272,1391,ashchan,0
krzyzanowskim/CryptoSwift,174,7998,1272,8513826,daconghz,0
krzyzanowskim/CryptoSwift,174,7998,1272,35112117,MohammadArnauti,0
krzyzanowskim/CryptoSwift,174,7998,1272,339131,Fyb3roptik,0
krzyzanowskim/CryptoSwift,174,7998,1272,8275956,migue19,0
louisdh/openterm,91,1426,470,5678977,tbodt,0
louisdh/openterm,91,1426,470,1230554,palmin,16
louisdh/openterm,91,1426,470,19255527,ColdGrub1384,0
louisdh/openterm,91,1426,470,1221567,IMcD23,14
louisdh/openterm,91,1426,470,1129119,louisdh,412
louisdh/openterm,91,1426,470,11814791,haniag,0
lwouis/alt-tab-macos,15,1267,754,1076161,OranShuster,0
lwouis/alt-tab-macos,15,1267,754,106195,lwouis,369
lwouis/alt-tab-macos,15,1267,754,13162840,gingerr,9
malcommac/SwiftDate,112,5911,1216,235645,malcommac,903
malcommac/SwiftLocation,80,2759,433,235645,malcommac,380
mamaral/Neon,147,4572,178,6086409,mamaral,45
marmelroy/Localize-Swift,40,2501,215,889949,marmelroy,167
marmelroy/Zip,43,1833,251,889949,marmelroy,159
marmelroy/Zip,43,1833,251,1402212,tbaranes,0
mas-cli/mas,98,7377,819,107645,argon,149
mas-cli/mas,98,7377,819,1485056,merqurio,0
mas-cli/mas,98,7377,819,5719520,rodionovd,21
mas-cli/mas,98,7377,819,18581859,arunsathiya,0
mas-cli/mas,98,7377,819,317734,conatus,0
mas-cli/mas,98,7377,819,28851,phatblat,596
mas-cli/mas,98,7377,819,58611972,Rohan200220,0
mattdonnelly/Swifter,88,2228,397,342412,mattdonnelly,130
mattdonnelly/Swifter,88,2228,397,629432,alexdd55,3
mattdonnelly/Swifter,88,2228,397,5277837,zntfdr,21
matthewpalmer/Locksmith,56,2872,243,1917632,matthewpalmer,184
modo-studio/SugarRecord,58,2094,968,663605,pepibumur,879
mortenjust/androidtool-mac,163,5330,107,1548468,mortenjust,84
mozilla-mobile/firefox-ios,463,9541,8374,28052,st3fan,903
mozilla-mobile/firefox-ios,463,9541,8374,242848,grgcombs,0
mozilla-mobile/firefox-ios,463,9541,8374,1093266,thebnich,796
mozilla-mobile/firefox-ios,463,9541,8374,807935,mfinkle,0
mozilla-mobile/firefox-ios,463,9541,8374,1097182,ncalexan,180
mozilla-mobile/firefox-ios,463,9541,8374,1117644,wesj,70
mozilla-mobile/firefox-ios,463,9541,8374,102331,AaronMT,13
mozilla-mobile/firefox-ios,463,9541,8374,6998367,DomT4,0
mozilla-mobile/firefox-ios,463,9541,8374,4068390,ilhanadiyaman,1
mozilla-mobile/firefox-ios,463,9541,8374,91722,rnewman,1235
mozilla-mobile/firefox-ios,463,9541,8374,41975,dusek,49
mozilla-mobile/firefox-ios,463,9541,8374,1413291,winkelsdorf,0
mozilla-mobile/firefox-ios,463,9541,8374,435591,dougt,0
mozilla-mobile/firefox-ios,463,9541,8374,3943692,varkor,57
mozilla-mobile/firefox-ios,463,9541,8374,434322,sleroux,0
mozilla-mobile/firefox-ios,463,9541,8374,10137,ghost,0
mozilla-mobile/firefox-ios,463,9541,8374,12613048,fluffyemily,429
mozilla-mobile/firefox-ios,463,9541,8374,238929,ryanolsonx,0
mozilla-mobile/focus-ios,65,960,963,1093266,thebnich,206
mozilla-mobile/focus-ios,65,960,963,4879954,Sdaswani,10
mozilla-mobile/focus-ios,65,960,963,4400286,sblatz,113
mozilla-mobile/focus-ios,65,960,963,122897,bbinto,0
mozilla-mobile/focus-ios,65,960,963,8356717,bkmunar,65
mssun/passforios,36,856,1261,1270392,mssun,719
mssun/passforios,36,856,1261,7790907,yishilin14,284
mssun/passforios,36,856,1261,10137,ghost,0
mssun/passforios,36,856,1261,12018922,steffen9000,0
mssun/passforios,36,856,1261,1455737,geoffmacintosh,0
mssun/passforios,36,856,1261,1256849,rnkn,0
mssun/passforios,36,856,1261,1420313,jrick,0
mssun/passforios,36,856,1261,1002811,davidjb,4
mssun/passforios,36,856,1261,894565,craigcabrey,0
mssun/passforios,36,856,1261,101816,asymmetric,0
mssun/passforios,36,856,1261,1011603,martinhoefling,0
mssun/passforios,36,856,1261,30455693,40ccc,0
mssun/passforios,36,856,1261,108799,Legogris,0
mssun/passforios,36,856,1261,806363,posix4e,0
mssun/passforios,36,856,1261,7555197,jotebe,0
mssun/passforios,36,856,1261,16365760,SimplyDanny,228
mssun/passforios,36,856,1261,6422835,kevinpanaro,0
mssun/passforios,36,856,1261,4486119,ttyz,9
mssun/passforios,36,856,1261,6044662,djmoch,0
mssun/passforios,36,856,1261,1065285,substa,0
mssun/passforios,36,856,1261,4591339,bitterbit,0
mxcl/PromiseKit,260,12892,1384,58962,mxcl,1022
mxcl/PromiseKit,260,12892,1384,2624646,maximkhatskevich,0
mxcl/PromiseKit,260,12892,1384,966500,yvbeek,0
mxcl/PromiseKit,260,12892,1384,39256,andrebraga,0
mxcl/PromiseKit,260,12892,1384,791561,laptobbe,0
mxcl/PromiseKit,260,12892,1384,1073483,amarcadet,0
mxcl/PromiseKit,260,12892,1384,161041,mbinna,0
mxcl/PromiseKit,260,12892,1384,98742,lukabernardi,0
mxcl/PromiseKit,260,12892,1384,247049,mackross,1
mxcl/PromiseKit,260,12892,1384,658675,sey,0
netguru/ResponseDetective,41,1883,399,565231,akashivskyy,346
nicklockwood/SwiftFormat,69,4085,1317,546885,nicklockwood,1127
nmdias/DefaultsKit,16,1300,58,19248046,linbx08,0
nmdias/DefaultsKit,16,1300,58,8268339,dadpp,0
nmdias/DefaultsKit,16,1300,58,360470,hewigovens,2
nmdias/DefaultsKit,16,1300,58,20153584,asd8855,0
nmdias/DefaultsKit,16,1300,58,20309676,Marcello168,0
ohoachuck/wwdc-downloader,56,1505,209,1560305,ohoachuck,125
onevcat/Kingfisher,333,16629,2030,1019875,onevcat,1660
onmyway133/Snowflake,16,917,153,2284279,onmyway133,150
optonaut/ActiveLabel.swift,55,3507,256,1567498,schickling,58
optonaut/ActiveLabel.swift,55,3507,256,7887319,polqf,70
optonaut/ActiveLabel.swift,55,3507,256,4586785,stefan-contiero,0
optonaut/ActiveLabel.swift,55,3507,256,926772,MarvinNazari,1
optonaut/ActiveLabel.swift,55,3507,256,158591,blixt,0
optonaut/ActiveLabel.swift,55,3507,256,1742284,demonar,3
optonaut/ActiveLabel.swift,55,3507,256,5352417,davidpflugpeil,0
optonaut/ActiveLabel.swift,55,3507,256,777820,hdogan,0
optonaut/ActiveLabel.swift,55,3507,256,4436326,nanhuo,0
ortuman/SwiftForms,67,1300,169,888899,ortuman,94
overtake/TelegramSwift,85,2837,1134,11571300,CLAassistant,0
overtake/TelegramSwift,85,2837,1134,1260850,overtake,329
p0deje/Maccy,19,1409,234,4479448,runforprogram,0
p0deje/Maccy,19,1409,234,665846,p0deje,220
p2/OAuth2,40,954,503,358485,p2,392
p2/OAuth2,40,954,503,477808,johnnyclem,0
p2/OAuth2,40,954,503,1846768,damienrambout,0
p2/OAuth2,40,954,503,65767,paul999,0
p2/OAuth2,40,954,503,113902,tzusman,0
p2/OAuth2,40,954,503,10137,ghost,0
p2/OAuth2,40,954,503,1949486,tijee,0
p2/OAuth2,40,954,503,1853334,paulwilton,0
p2/OAuth2,40,954,503,11043503,nahouto,0
p2/OAuth2,40,954,503,1758170,glennschmidt,2
p2/OAuth2,40,954,503,103224,tompson,0
p2/OAuth2,40,954,503,10501569,carmof,0
patchthecode/JTAppleCalendar,123,6679,1025,2439146,patchthecode,950
philackm/ScrollableGraphView,132,5142,158,3098078,TimAEllis,0
philackm/ScrollableGraphView,132,5142,158,2552214,philackm,126
philackm/ScrollableGraphView,132,5142,158,1502519,spinach,0
philackm/ScrollableGraphView,132,5142,158,6117280,filipealva,0
pkluz/PKHUD,55,3466,259,7718808,wangweiarr,0
pkluz/PKHUD,55,3466,259,1275218,pkluz,45
pmusolino/Wormholy,22,1803,261,495617,pmusolino,199
ptsochantaris/trailer,45,892,1216,521581,ptsochantaris,447
ptsochantaris/trailer,45,892,1216,231698,mezis,0
ra1028/Carbon,21,957,166,7347118,ra1028,162
raywenderlich/swift-algorithm-club,1526,23471,2527,346853,hollance,198
realm/SwiftLint,253,13800,5018,474794,jpsim,1769
realm/SwiftLint,253,13800,5018,28851,phatblat,0
realm/SwiftLint,253,13800,5018,1226414,aarondaub,0
realm/SwiftLint,253,13800,5018,1946610,segiddins,5
realm/SwiftLint,253,13800,5018,1725839,bahlo,0
realm/SwiftLint,253,13800,5018,1389011,mrackwitz,0
realm/SwiftLint,253,13800,5018,3834345,lfaoro,0
rileytestut/AltStore,132,3017,392,705880,rileytestut,386
rileytestut/AltStore,132,3017,392,26331126,noah978,3
rileytestut/AltStore,132,3017,392,56719,ccheever,1
rileytestut/AltStore,132,3017,392,7621694,Smethan,0
rxhanson/Rectangle,49,5125,342,13651296,rxhanson,285
rxhanson/Rectangle,49,5125,342,3630554,Crocmagnon,1
rxhanson/Rectangle,49,5125,342,26665436,MarcelBlockchain,0
rxhanson/Rectangle,49,5125,342,6921277,reidcooper,0
saoudrizwan/Disk,32,2773,241,7799382,saoudrizwan,172
sauliusgrigaitis/Swifton,75,2015,108,6917,sauliusgrigaitis,90
shadowsocks/ShadowsocksX-NG,1000,28380,559,2310221,qiuyuzhou,445
shadowsocks/ShadowsocksX-NG,1000,28380,559,6239057,qinyuhang,23
shadowsocks/ShadowsocksX-NG,1000,28380,559,7543300,meritozh,0
shadowsocks/ShadowsocksX-NG,1000,28380,559,16831306,bluefo,0
shadowsocks/ShadowsocksX-NG,1000,28380,559,12379907,NepPure,0
shadowsocks/ShadowsocksX-NG,1000,28380,559,18365223,omaidb,0
shadowsocks/ShadowsocksX-NG,1000,28380,559,6841046,laalaguer,0
shadowsocks/ShadowsocksX-NG,1000,28380,559,5144674,0x5e,0
shadowsocks/ShadowsocksX-NG,1000,28380,559,6972631,asfork,0
shadowsocks/ShadowsocksX-NG,1000,28380,559,9793286,Ezio0,0
shadowsocks/ShadowsocksX-NG,1000,28380,559,23160779,nimhc,0
shadowsocks/ShadowsocksX-NG,1000,28380,559,1908140,liaozibo,0
shadowsocks/ShadowsocksX-NG,1000,28380,559,17423659,youyialex,0
shadowsocks/ShadowsocksX-NG,1000,28380,559,3174585,xu-c,0
shogo4405/HaishinKit.swift,78,1856,1325,810189,shogo4405,1147
signalapp/Signal-iOS,289,5086,19154,79941,Strilanc,26
signalapp/Signal-iOS,289,5086,19154,156182,corbett,49
signalapp/Signal-iOS,289,5086,19154,947995,hubert3,1
signalapp/Signal-iOS,289,5086,19154,400296,FredericJacobs,376
signalapp/Signal-iOS,289,5086,19154,512439,moxie0,0
signalapp/Signal-iOS,289,5086,19154,8322537,Janzin,0
signalapp/Signal-iOS,289,5086,19154,2271265,fuzzyroddis,0
signalapp/Signal-iOS,289,5086,19154,1761404,Baigle,0
signalapp/Signal-iOS,289,5086,19154,7418271,Calefornia,0
signalapp/Signal-iOS,289,5086,19154,217057,michaelkirk,2362
signalapp/Signal-iOS,289,5086,19154,72914,huertanix,0
signalapp/Signal-iOS,289,5086,19154,10137,ghost,0
signalapp/Signal-iOS,289,5086,19154,645837,openfly,0
signalapp/Signal-iOS,289,5086,19154,1227205,ohemorange,0
signalapp/Signal-iOS,289,5086,19154,93434,zmanian,0
signalapp/Signal-iOS,289,5086,19154,47990,Eeko,0
signalapp/Signal-iOS,289,5086,19154,1441776,bakagirl,0
signalapp/Signal-iOS,289,5086,19154,265071,kofalt,0
signalapp/Signal-iOS,289,5086,19154,625803,charlesmchen,3302
signalapp/Signal-iOS,289,5086,19154,36971200,michaelkirk-signal,3198
signalapp/Signal-iOS,289,5086,19154,1014762,Foaly,0
signalapp/Signal-iOS,289,5086,19154,3347534,abolishme,3
signalapp/Signal-iOS,289,5086,19154,17820045,roadkillazpartybird,0
signalapp/Signal-iOS,289,5086,19154,1151915,Wikinaut,0
signalapp/Signal-iOS,289,5086,19154,66176,tomj,0
signalapp/Signal-iOS,289,5086,19154,19972511,u32i64,0
signalapp/Signal-iOS,289,5086,19154,5308013,dtsbourg,29
signalapp/Signal-iOS,289,5086,19154,11326414,TheStash,0
socketio/socket.io-client-swift,121,4241,1704,1211049,nuclearace,1508
socketio/socket.io-client-swift,121,4241,1704,1636440,Katafalkas,0
socketio/socket.io-client-swift,121,4241,1704,28890277,oreace,0
socketio/socket.io-client-swift,121,4241,1704,44457033,jlohiys,0
socketio/socket.io-client-swift,121,4241,1704,5208182,andreiantonescu,0
socketio/socket.io-client-swift,121,4241,1704,1163824,mbelkin,0
socketio/socket.io-client-swift,121,4241,1704,13659411,leewaycn,0
socketio/socket.io-client-swift,121,4241,1704,15240219,pkuhonker,0
socketio/socket.io-client-swift,121,4241,1704,8480743,danishin,0
socketio/socket.io-client-swift,121,4241,1704,6603912,meismyles,0
socketio/socket.io-client-swift,121,4241,1704,17851924,aniketc-gslab,0
socketio/socket.io-client-swift,121,4241,1704,2375979,shoaibhussan,0
socketio/socket.io-client-swift,121,4241,1704,16730661,okankocyigit,0
socketio/socket.io-client-swift,121,4241,1704,6601879,princenaman,0
socketio/socket.io-client-swift,121,4241,1704,905059,daltoniam,0
socketio/socket.io-client-swift,121,4241,1704,2715854,miguelgrinberg,0
socketio/socket.io-client-swift,121,4241,1704,148156,manju1981,0
socketio/socket.io-client-swift,121,4241,1704,20349657,jigarPatel37,0
socketio/socket.io-client-swift,121,4241,1704,3703083,lightsprint09,0
square/Cleanse,56,1432,299,7691872,sebastianv1,153
square/Valet,80,3473,521,1934212,EricMuller22,30
square/Valet,80,3473,521,327847,kyleve,0
square/Valet,80,3473,521,139364,dfed,302
square/Valet,80,3473,521,11229,mthole-old,0
square/Valet,80,3473,521,333496,steckel,0
steamclock/bluejay,21,858,274,4675020,JeremyChiang,244
stephencelis/SQLite.swift,226,7113,860,658,stephencelis,374
stephencelis/SQLite.swift,226,7113,860,2717212,robconrad,0
stephencelis/SQLite.swift,226,7113,860,1393849,k7,0
stephencelis/SQLite.swift,226,7113,860,5350431,steffimueller,0
sunshinejr/SwiftyUserDefaults,59,4261,647,183747,radex,154
suzuki-0000/SKPhotoBrowser,45,2094,623,1096585,suzuki-0000,164
swiftsocket/SwiftSocket,52,1320,132,7189384,aixinyunchou,17
tid-kijyun/Kanna,42,2054,305,1665104,tid-kijyun,265
tid-kijyun/Kanna,42,2054,305,1360886,sandalsoft,0
tilltue/TLPhotoPicker,41,1669,284,2108446,tilltue,201
toptal/gitignore.io,85,5823,858,1218847,joeblau,594
toptal/gitignore.io,85,5823,858,67312,jessearmand,0
trustwallet/trust-wallet-ios,95,1202,2272,3758731,OlegGordiichuk,211
trustwallet/trust-wallet-ios,95,1202,2272,10137,ghost,0
trustwallet/trust-wallet-ios,95,1202,2272,24217778,BlackDuckCoPilot,0
trustwallet/trust-wallet-ios,95,1202,2272,167236,alejandro-isaza,23
trustwallet/trust-wallet-ios,95,1202,2272,1641795,vikmeup,701
trustwallet/trust-wallet-ios,95,1202,2272,548435,colourful-land,0
tuist/tuist,32,1049,3057,663605,pepibumur,596
tuist/tuist,32,1049,3057,1382565,ollieatkinson,168
tuist/tuist,32,1049,3057,60202,parse,0
tuist/tuist,32,1049,3057,22429695,codecov[bot],0
tuist/tuist,32,1049,3057,10137,ghost,0
uias/Pageboy,24,1476,1028,22429695,codecov[bot],0
uias/Tabman,31,1888,2108,22429695,codecov[bot],0
vapor/vapor,552,19329,5463,1342803,tanner0101,2757
vapor/vapor,552,19329,5463,18544,elithrar,0
vapor/vapor,552,19329,5463,42901,shnhrrsn,88
vapor/vapor,552,19329,5463,1353840,ketzusaka,52
vapor/vapor,552,19329,5463,507442,biscuitehh,0
vapor/vapor,552,19329,5463,8560685,8bit-echo,0
vapor/vapor,552,19329,5463,1783465,vzsg,23
vapor/vapor,552,19329,5463,12726,luisdelarosa,0
vapor/vapor,552,19329,5463,12012815,Andrewangeta,0
vapor/vapor,552,19329,5463,2182121,czechboy0,0
vapor/vapor,552,19329,5463,5750489,loganwright,1130
vapor/vapor,552,19329,5463,733151,timominous,3
vapor/vapor,552,19329,5463,1951674,Joannis,800
vapor/vapor,552,19329,5463,3322446,NathanFlurry,20
vapor/vapor,552,19329,5463,1267282,Evertt,7
vapor/vapor,552,19329,5463,3506776,Mordil,0
vapor/vapor,552,19329,5463,4346200,matthijs2704,0
vapor/vapor,552,19329,5463,1279756,Casperhr,8
vapor/vapor,552,19329,5463,1882080,valeriomazzeo,1
vapor/vapor,552,19329,5463,1727803,daltonclaybrook,0
vapor/vapor,552,19329,5463,3903844,niazoff,0
vapor/vapor,552,19329,5463,11842593,jdmcd,3
vapor/vapor,552,19329,5463,16098190,theobouwman,0
vapor/vapor,552,19329,5463,891388,janhennings,0
vapor/vapor,552,19329,5463,16787626,alexdoloz,0
vikmeup/SCLAlertView-Swift,140,5023,455,1641795,vikmeup,201
vsouza/awesome-ios,1856,35570,6151,484656,vsouza,913
watson-developer-cloud/swift-sdk,69,872,3556,313157,germanattanasio,14
watson-developer-cloud/swift-sdk,69,872,3556,1310293,rfdickerson,196
watson-developer-cloud/swift-sdk,69,872,3556,3612217,ruslan120101,0
watson-developer-cloud/swift-sdk,69,872,3556,1957636,glennrfisher,839
watson-developer-cloud/swift-sdk,69,872,3556,8058386,simonmcl,0
watson-developer-cloud/swift-sdk,69,872,3556,666991,jfgrang,0
watson-developer-cloud/swift-sdk,69,872,3556,6363626,schen22,158
watson-developer-cloud/swift-sdk,69,872,3556,1450277,jtansley,0
weichsel/ZIPFoundation,12,1374,477,1577319,weichsel,415
wikimedia/wikipedia-ios,90,2091,30980,64771,coreyfloyd,2524
wikimedia/wikipedia-ios,90,2091,30980,444217,bgerstle,1651
wikimedia/wikipedia-ios,90,2091,30980,8655789,codecov-io,0
wikimedia/wikipedia-ios,90,2091,30980,3143487,montehurd,5426
willpowell8/LocalizationKit_iOS,30,1195,160,183958,haemi,0
willpowell8/LocalizationKit_iOS,30,1195,160,10851262,willpowell8,159
willpowell8/LocalizationKit_iOS,30,1195,160,4973126,Tripwire999,0
wireapp/wire-ios,114,2913,5542,715129,mikeger,989
wireapp/wire-ios,114,2913,5542,8822535,KoalaBoomka,0
wireapp/wire-ios,114,2913,5542,4603353,daehn,694
wireapp/wire-ios,114,2913,5542,620000,marcoconti83,214
wireapp/wire-ios,114,2913,5542,1119259,basine,18
wireapp/wire-ios,114,2913,5542,20773876,wire-bot,0
wireapp/wire-ios,114,2913,5542,20705137,david-wire,0
wireapp/wire-ios,114,2913,5542,684805,jenskasemets,105
wireapp/wire-ios,114,2913,5542,11571300,CLAassistant,0
wireapp/wire-ios,114,2913,5542,3155267,0ki,0
wireapp/wire-ios,114,2913,5542,9882746,raphaelrobert,0
wireapp/wire-ios,114,2913,5542,91493,AJolly,0
wireapp/wire-ios,114,2913,5542,7156,typfel,822
wireapp/wire-ios,114,2913,5542,103595,MathiasGmeiner,0
wireapp/wire-ios,114,2913,5542,2337475,abjbhat,0
wireapp/wire-ios,114,2913,5542,1431774,malicioustoker,0
wireapp/wire-ios,114,2913,5542,11516756,c-g-owen,1
wordpress-mobile/WordPress-iOS,171,3000,51550,789137,roundhill,534
wordpress-mobile/WordPress-iOS,171,3000,51550,1220715,irbrad,167
wordpress-mobile/WordPress-iOS,171,3000,51550,1435271,aerych,4588
wordpress-mobile/WordPress-iOS,171,3000,51550,8739,koke,3761
wordpress-mobile/WordPress-iOS,171,3000,51550,1062575,pivotal-rebecca,0
wordpress-mobile/WordPress-iOS,171,3000,51550,1576533,versluis,0
wordpress-mobile/WordPress-iOS,171,3000,51550,437043,sendhil,1759
wordpress-mobile/WordPress-iOS,171,3000,51550,1195260,jleandroperez,5345
wordpress-mobile/WordPress-iOS,171,3000,51550,515035,mikejohnstn,351
wordpress-mobile/WordPress-iOS,171,3000,51550,373903,astralbodies,1856
wordpress-mobile/WordPress-iOS,171,3000,51550,3073557,isaackeyet,0
wordpress-mobile/WordPress-iOS,171,3000,51550,3904502,tomwitkin,370
wordpress-mobile/WordPress-iOS,171,3000,51550,1532629,akerbeltz,0
wordpress-mobile/WordPress-iOS,171,3000,51550,19795,beaucollins,54
wordpress-mobile/WordPress-iOS,171,3000,51550,2846578,melchoyce,0
wordpress-mobile/WordPress-iOS,171,3000,51550,618551,davewhitley,3
wordpress-mobile/WordPress-iOS,171,3000,51550,149731,dannylagrouw,33
wordpress-mobile/WordPress-iOS,171,3000,51550,5824768,autobott,0
wordpress-mobile/WordPress-iOS,171,3000,51550,108218,jstart,23
wordpress-mobile/WordPress-iOS,171,3000,51550,8658164,rachelmcr,102
wordpress-mobile/WordPress-iOS,171,3000,51550,1873422,kurzee,1632
wordpress-mobile/WordPress-iOS,171,3000,51550,651601,SergioEstevao,3149
wordpress-mobile/WordPress-iOS,171,3000,51550,154014,bummytime,1016
wordpress-mobile/WordPress-iOS,171,3000,51550,8125655,briancolinger,0
wordpress-mobile/WordPress-iOS,171,3000,51550,1595739,allendav,82
wordpress-mobile/WordPress-iOS,171,3000,51550,319636,garza,10
wordpress-mobile/WordPress-iOS,171,3000,51550,1836005,diegoreymendez,1940
wordpress-mobile/WordPress-iOS,171,3000,51550,1158819,kwonye,526
wordpress-mobile/WordPress-iOS,171,3000,51550,14350,blowery,0
wordpress-mobile/WordPress-iOS,171,3000,51550,1202812,kjellr,0
wordpress-mobile/WordPress-iOS,171,3000,51550,662023,oguzkocer,259
wordpress-mobile/WordPress-iOS,171,3000,51550,10285066,askhoffa,0
wordpress-mobile/WordPress-iOS,171,3000,51550,66797,lancewillett,1
xi-editor/xi-mac,65,2933,1047,242367,raphlinus,202
xmartlabs/Eureka,286,10850,849,82545,RefuX,0
xmartlabs/Eureka,286,10850,849,9576912,AtharvaVaidya,0
xmartlabs/Eureka,286,10850,849,1746532,mtnbarreto,453
xmartlabs/Eureka,286,10850,849,4571256,smaspe,0
xmartlabs/Eureka,286,10850,849,1153856,prbaron,0
xmartlabs/Eureka,286,10850,849,8573865,mats-claassen,146
xmartlabs/XLPagerTabStrip,133,6368,313,5625884,junbinchencn,0
xmartlabs/XLPagerTabStrip,133,6368,313,2768159,MobileMon,0
xmartlabs/XLPagerTabStrip,133,6368,313,10197945,michaelEllisUy,0
xmartlabs/XLPagerTabStrip,133,6368,313,1464823,awd1559,0
xmartlabs/XLPagerTabStrip,133,6368,313,1746532,mtnbarreto,174
xmartlabs/XLPagerTabStrip,133,6368,313,785333,zxy198717,0
yannickl/QRCodeReader.swift,43,1170,265,798235,yannickl,211
yannickl/QRCodeReader.swift,43,1170,265,5884708,cody1024d,4
yanue/V2rayU,207,10348,297,1435250,yanue,268
yanue/V2rayU,207,10348,297,913931,txdywy,0
yanue/V2rayU,207,10348,297,31146682,Hongoing,0
yanue/V2rayU,207,10348,297,24634543,evi1ox,0
yanue/V2rayU,207,10348,297,13765846,Nojike,0
yoavlt/LiquidFloatingActionButton,78,3659,83,2039987,yoavlt,63
zenangst/Blueprints,15,783,294,8655789,codecov-io,0
zhangao0086/DKImagePickerController,42,1336,1081,7742344,zhangao0086,944
zhuhaow/SpechtLite,133,3063,269,1287724,zhuhaow,254
zvonicek/ImageSlideshow,43,1439,374,1540564,zvonicek,307
