links,type,state,creation date,updated date,closed date,comment count,user count
https://api.github.com/repos/rapid7/metasploit-framework/issues/9094,issue,closed,2017-10-17T18:10:04Z,2020-02-22T22:23:10Z,2020-02-22T22:23:10Z,5,2
https://api.github.com/repos/elastic/elasticsearch/issues/31098,issue,closed,2018-06-05T10:47:44Z,2018-06-05T11:23:35Z,2018-06-05T11:21:37Z,2,1
https://api.github.com/repos/elastic/elasticsearch/issues/45944,issue,closed,2019-08-25T09:46:18Z,2019-08-25T19:24:45Z,2019-08-25T19:24:45Z,1,1
https://api.github.com/repos/redisson/redisson/issues/740,issue,closed,2016-12-23T01:20:07Z,2017-01-12T11:27:00Z,2017-01-12T11:27:00Z,3,1
https://api.github.com/repos/rapid7/metasploit-framework/issues/6458,pr,closed,2016-01-09T15:08:21Z,2016-01-14T20:58:20Z,2016-01-14T20:58:20Z,1,1
https://api.github.com/repos/rapid7/metasploit-framework/issues/6461,pr,closed,2016-01-10T18:40:17Z,2016-01-20T20:36:34Z,2016-01-20T20:17:14Z,1,1
https://api.github.com/repos/square/okhttp/issues/3053,issue,closed,2016-12-22T17:03:34Z,2017-01-07T20:09:07Z,2017-01-07T20:09:07Z,1,1
https://api.github.com/repos/netty/netty/issues/1507,issue,closed,2013-07-02T11:44:50Z,2013-09-06T13:45:38Z,2013-07-02T11:46:31Z,3,1
https://api.github.com/repos/airbnb/lottie-android/issues/1479,issue,closed,2020-01-10T03:45:46Z,2020-01-10T18:51:16Z,2020-01-10T18:51:16Z,1,1
https://api.github.com/repos/dianping/cat/issues/1743,issue,closed,2019-06-20T05:49:49Z,2019-07-04T06:42:15Z,2019-07-04T06:42:15Z,3,2
https://api.github.com/repos/elastic/elasticsearch/issues/43896,issue,closed,2019-07-03T02:15:18Z,2019-07-03T05:20:53Z,2019-07-03T05:08:36Z,6,2
https://api.github.com/repos/netty/netty/issues/7353,issue,closed,2017-10-31T16:07:12Z,2017-11-03T07:33:25Z,2017-11-02T13:30:01Z,5,2
https://api.github.com/repos/apache/skywalking/issues/1395,issue,closed,2018-06-27T07:02:09Z,2018-06-27T07:49:28Z,2018-06-27T07:05:33Z,3,1
https://api.github.com/repos/XX-net/XX-Net/issues/9970,issue,open,2018-03-12T01:34:25Z,2018-03-14T23:36:10Z,,5,3
https://api.github.com/repos/bitcoin/bitcoin/issues/239,issue,closed,2011-05-18T22:15:34Z,2011-12-04T08:56:34Z,2011-12-04T08:56:34Z,1,1
https://api.github.com/repos/redisson/redisson/issues/2692,issue,closed,2020-04-13T20:45:53Z,2020-04-15T05:27:09Z,2020-04-15T05:27:09Z,0,0
https://api.github.com/repos/redisson/redisson/issues/1797,issue,closed,2018-12-10T12:15:17Z,2019-01-14T20:39:05Z,2019-01-14T20:39:05Z,6,1
https://api.github.com/repos/netty/netty/issues/2949,issue,closed,2014-09-30T17:58:06Z,2014-09-30T21:32:13Z,2014-09-30T21:32:03Z,1,0
https://api.github.com/repos/netty/netty/issues/1579,issue,closed,2013-07-15T17:08:57Z,2013-07-15T17:13:34Z,2013-07-15T17:13:34Z,0,0
https://api.github.com/repos/redisson/redisson/issues/1054,issue,closed,2017-09-14T09:54:16Z,2019-11-07T05:37:33Z,2017-09-15T10:36:06Z,5,3
https://api.github.com/repos/XX-net/XX-Net/issues/10195,issue,closed,2018-03-25T02:38:03Z,2018-05-01T16:06:24Z,2018-05-01T16:06:24Z,3,3
https://api.github.com/repos/netty/netty/issues/7275,issue,closed,2017-10-04T11:13:35Z,2017-10-04T12:03:28Z,2017-10-04T12:03:28Z,2,2
https://api.github.com/repos/elastic/elasticsearch/issues/50300,issue,closed,2019-12-18T07:05:44Z,2019-12-18T08:02:08Z,2019-12-18T08:02:07Z,1,1
https://api.github.com/repos/netty/netty/issues/1298,issue,closed,2013-04-22T11:41:03Z,2013-04-22T23:48:58Z,2013-04-22T13:18:20Z,0,0
https://api.github.com/repos/netty/netty/issues/4725,issue,closed,2016-01-18T17:02:45Z,2016-01-20T12:37:05Z,2016-01-20T12:37:05Z,9,1
https://api.github.com/repos/golang/go/issues/31114,issue,closed,2019-03-28T15:43:18Z,2020-03-27T16:26:47Z,2019-03-28T16:26:35Z,0,0
https://api.github.com/repos/ctripcorp/apollo/issues/2463,issue,open,2019-07-22T15:38:50Z,2019-09-02T01:33:32Z,,7,2
https://api.github.com/repos/rapid7/metasploit-framework/issues/6451,pr,closed,2016-01-08T02:32:47Z,2016-01-14T20:58:20Z,2016-01-14T20:58:20Z,5,2
https://api.github.com/repos/shadowsocks/shadowsocks-windows/issues/2832,issue,closed,2020-03-15T09:58:08Z,2020-03-16T02:52:19Z,2020-03-16T02:52:11Z,5,1
https://api.github.com/repos/redisson/redisson/issues/2003,issue,closed,2019-03-21T11:59:45Z,2019-03-26T16:42:37Z,2019-03-26T16:42:37Z,8,1
https://api.github.com/repos/spring-projects/spring-framework/issues/19484,issue,closed,2016-11-17T11:20:06Z,2019-01-11T19:20:02Z,2016-12-21T11:54:10Z,1,0
https://api.github.com/repos/golang/go/issues/33227,issue,open,2019-07-22T17:51:30Z,2019-07-29T21:41:09Z,,1,1
https://api.github.com/repos/netty/netty/issues/3974,issue,closed,2015-07-11T07:07:19Z,2015-09-12T04:05:35Z,2015-09-09T12:41:04Z,7,1
https://api.github.com/repos/golang/go/issues/7797,issue,open,2014-04-16T19:37:25Z,2015-07-30T09:02:10Z,,3,1
https://api.github.com/repos/redisson/redisson/issues/1820,issue,closed,2018-12-25T02:23:24Z,2019-01-25T12:29:59Z,2019-01-25T12:29:59Z,2,1
https://api.github.com/repos/golang/go/issues/23510,issue,closed,2018-01-22T16:01:24Z,2019-01-22T21:43:14Z,2018-01-22T21:37:16Z,3,2
https://api.github.com/repos/netty/netty/issues/7546,issue,closed,2017-12-28T11:13:57Z,2018-03-28T18:58:05Z,2018-03-28T18:58:05Z,18,1
https://api.github.com/repos/bumptech/glide/issues/3047,issue,closed,2018-04-25T03:07:38Z,2018-07-10T03:44:08Z,2018-04-25T03:13:10Z,1,1
https://api.github.com/repos/alibaba/canal/issues/1664,issue,open,2019-04-04T03:35:53Z,2020-06-04T07:50:43Z,,2,2
https://api.github.com/repos/elastic/elasticsearch/issues/10824,issue,closed,2015-04-27T11:10:50Z,2016-01-18T14:27:45Z,2016-01-18T14:27:45Z,2,1
https://api.github.com/repos/square/leakcanary/issues/385,issue,closed,2016-01-11T12:07:53Z,2016-01-11T21:31:06Z,2016-01-11T21:31:06Z,1,1
https://api.github.com/repos/rapid7/metasploit-framework/issues/6612,pr,closed,2016-02-26T03:37:14Z,2016-03-03T03:25:56Z,2016-02-29T20:07:16Z,10,3
https://api.github.com/repos/antirez/redis/issues/5795,pr,closed,2019-01-19T03:52:03Z,2019-01-22T16:28:46Z,2019-01-22T16:28:46Z,2,1
https://api.github.com/repos/fatedier/frp/issues/193,issue,closed,2016-12-25T04:59:50Z,2018-05-29T01:48:25Z,2016-12-27T16:35:15Z,14,4
https://api.github.com/repos/kubernetes/minikube/issues/6794,issue,closed,2020-02-25T08:27:43Z,2020-04-15T23:56:07Z,2020-04-15T23:56:06Z,3,3
https://api.github.com/repos/hexojs/hexo/issues/1951,issue,closed,2016-05-11T14:46:46Z,2016-07-02T14:02:08Z,2016-07-02T14:02:08Z,2,1
https://api.github.com/repos/alibaba/arthas/issues/1142,issue,open,2020-04-24T06:57:36Z,2020-05-21T08:23:29Z,,2,2
https://api.github.com/repos/spring-projects/spring-framework/issues/17550,issue,closed,2015-04-26T05:48:22Z,2019-01-12T05:24:26Z,2015-04-27T02:05:43Z,2,0
https://api.github.com/repos/jumpserver/jumpserver/issues/2841,issue,closed,2019-06-26T06:35:25Z,2020-03-13T08:47:11Z,2020-03-13T08:47:10Z,1,1
https://api.github.com/repos/XX-net/XX-Net/issues/4391,issue,open,2016-10-19T00:19:47Z,2016-10-19T04:53:26Z,,3,1
https://api.github.com/repos/jumpserver/jumpserver/issues/2522,issue,closed,2019-03-21T07:00:39Z,2019-08-05T05:00:05Z,2019-08-05T05:00:05Z,6,3
https://api.github.com/repos/elastic/elasticsearch/issues/52621,issue,closed,2020-02-21T07:19:49Z,2020-02-21T07:25:26Z,2020-02-21T07:25:26Z,1,1
https://api.github.com/repos/jumpserver/jumpserver/issues/1512,issue,closed,2018-07-09T14:30:08Z,2018-11-26T07:59:33Z,2018-11-26T07:59:33Z,3,3
https://api.github.com/repos/rapid7/metasploit-framework/issues/8563,issue,closed,2017-06-15T10:54:34Z,2017-09-21T17:14:14Z,2017-09-21T17:14:14Z,2,1
https://api.github.com/repos/spring-projects/spring-boot/issues/15961,issue,closed,2019-02-15T02:52:50Z,2019-02-15T06:38:00Z,2019-02-15T06:37:17Z,2,2
https://api.github.com/repos/square/okhttp/issues/3650,issue,closed,2017-10-16T09:30:16Z,2017-11-04T18:08:31Z,2017-11-04T18:08:00Z,1,1
https://api.github.com/repos/square/okhttp/issues/6053,issue,closed,2020-05-15T05:17:34Z,2020-05-15T07:59:11Z,2020-05-15T07:59:11Z,1,1
https://api.github.com/repos/elastic/elasticsearch/issues/1819,issue,closed,2012-03-29T04:04:51Z,2012-03-29T09:22:11Z,2012-03-29T09:22:11Z,1,1
https://api.github.com/repos/jumpserver/jumpserver/issues/779,issue,closed,2017-10-25T11:07:30Z,2017-11-09T03:29:13Z,2017-11-09T03:29:13Z,1,1
https://api.github.com/repos/spring-projects/spring-framework/issues/11955,issue,closed,2010-06-17T12:58:15Z,2012-06-19T03:44:00Z,2012-06-19T03:44:00Z,1,0
https://api.github.com/repos/eugenp/tutorials/issues/5170,issue,closed,2018-09-05T09:10:20Z,2018-09-05T12:49:59Z,2018-09-05T12:49:59Z,0,0
https://api.github.com/repos/jumpserver/jumpserver/issues/4189,issue,open,2020-06-28T12:48:40Z,2020-06-30T10:16:37Z,,0,0
https://api.github.com/repos/dbeaver/dbeaver/issues/1166,issue,closed,2017-01-20T09:14:06Z,2017-01-21T16:38:33Z,2017-01-21T16:38:33Z,3,1
https://api.github.com/repos/elastic/elasticsearch/issues/26872,issue,closed,2017-10-03T21:13:55Z,2017-10-03T21:16:09Z,2017-10-03T21:16:09Z,1,1
https://api.github.com/repos/netty/netty/issues/1594,issue,closed,2013-07-17T08:33:39Z,2013-07-19T07:28:29Z,2013-07-19T06:37:25Z,8,3
https://api.github.com/repos/rapid7/metasploit-framework/issues/9524,pr,closed,2018-02-08T08:26:32Z,2018-07-17T23:34:16Z,2018-02-21T12:59:44Z,22,2
https://api.github.com/repos/elastic/elasticsearch/issues/41789,issue,open,2019-05-03T11:23:19Z,2020-05-04T22:44:16Z,,4,3
https://api.github.com/repos/looly/hutool/issues/464,issue,closed,2019-08-01T09:20:23Z,2019-08-05T12:20:44Z,2019-08-05T12:20:44Z,1,1
https://api.github.com/repos/square/okhttp/issues/3705,issue,closed,2017-12-01T02:24:18Z,2018-05-23T02:54:30Z,2017-12-01T03:13:58Z,2,1
https://api.github.com/repos/curl/curl/issues/5011,issue,closed,2020-03-01T23:23:01Z,2020-06-24T20:56:39Z,2020-03-03T04:32:03Z,3,1
https://api.github.com/repos/jumpserver/jumpserver/issues/709,issue,closed,2017-09-18T01:10:00Z,2018-03-08T04:01:45Z,2018-03-08T04:01:45Z,3,3
https://api.github.com/repos/square/retrofit/issues/194,issue,closed,2013-05-08T09:32:01Z,2013-05-08T15:19:08Z,2013-05-08T15:19:08Z,1,1
https://api.github.com/repos/XX-net/XX-Net/issues/11632,issue,closed,2018-11-06T05:01:20Z,2018-11-27T11:54:46Z,2018-11-27T11:54:46Z,2,1
https://api.github.com/repos/metabase/metabase/issues/11457,issue,closed,2019-12-06T06:45:42Z,2019-12-09T02:03:46Z,2019-12-09T01:38:37Z,2,1
https://api.github.com/repos/ohmyzsh/ohmyzsh/issues/3562,issue,closed,2015-02-09T17:50:17Z,2019-02-12T19:52:07Z,2019-02-12T19:52:07Z,5,3
https://api.github.com/repos/golang/go/issues/5138,issue,closed,2013-03-27T08:54:01Z,2016-06-24T22:36:30Z,2014-12-08T10:27:30Z,7,2
https://api.github.com/repos/netty/netty/issues/1641,issue,closed,2013-07-23T13:18:13Z,2013-09-05T14:01:34Z,2013-09-05T14:01:30Z,3,2
https://api.github.com/repos/square/okhttp/issues/5625,issue,closed,2019-11-29T18:00:13Z,2019-12-07T02:53:35Z,2019-12-07T02:53:35Z,2,2
https://api.github.com/repos/Eugeny/terminus/issues/2391,issue,closed,2020-04-13T14:03:06Z,2020-04-27T07:08:56Z,2020-04-27T07:08:56Z,0,0
https://api.github.com/repos/netty/netty/issues/8300,issue,closed,2018-09-20T03:54:13Z,2018-10-11T11:24:28Z,2018-10-11T11:24:28Z,3,1
https://api.github.com/repos/golang/go/issues/16327,issue,closed,2016-07-12T04:38:32Z,2017-07-12T05:16:15Z,2016-07-12T04:59:02Z,2,1
https://api.github.com/repos/ohmyzsh/ohmyzsh/issues/93,pr,closed,2010-10-04T09:32:07Z,2010-12-22T15:27:06Z,2011-01-14T15:35:50Z,0,0
https://api.github.com/repos/golang/go/issues/32075,issue,open,2019-05-16T03:46:08Z,2019-12-30T20:33:15Z,,5,3
https://api.github.com/repos/apache/dubbo/issues/1664,issue,open,2018-04-23T15:07:11Z,2018-04-26T03:28:51Z,,7,1
https://api.github.com/repos/netty/netty/issues/1163,issue,closed,2013-03-15T20:48:56Z,2013-03-22T07:23:19Z,2013-03-22T07:23:04Z,3,1
https://api.github.com/repos/redisson/redisson/issues/1671,issue,closed,2018-10-11T17:13:04Z,2018-10-30T20:32:42Z,2018-10-30T20:32:34Z,2,2
https://api.github.com/repos/fastlane/fastlane/issues/13321,issue,closed,2018-09-07T13:40:13Z,2018-11-17T17:33:23Z,2018-09-07T18:47:00Z,7,1
https://api.github.com/repos/ansible/ansible/issues/1444,pr,closed,2012-10-25T04:04:35Z,2019-04-24T17:55:35Z,2012-10-25T10:57:34Z,1,1
https://api.github.com/repos/google/ExoPlayer/issues/4053,issue,closed,2018-03-29T19:46:33Z,2018-09-11T12:29:41Z,2018-05-04T16:41:04Z,5,2
https://api.github.com/repos/rapid7/metasploit-framework/issues/4619,issue,closed,2015-01-21T10:27:16Z,2015-01-22T22:56:13Z,2015-01-22T22:56:13Z,4,2
https://api.github.com/repos/ipython/ipython/issues/4720,pr,closed,2013-12-19T20:00:27Z,2014-06-26T06:57:50Z,2013-12-29T18:34:51Z,1,1
https://api.github.com/repos/rapid7/metasploit-framework/issues/13548,issue,closed,2020-06-01T16:40:24Z,2020-06-13T06:33:57Z,2020-06-08T15:40:27Z,17,4
https://api.github.com/repos/netty/netty/issues/8463,issue,closed,2018-11-05T12:33:08Z,2018-11-16T09:33:20Z,2018-11-16T09:32:35Z,3,1
https://api.github.com/repos/rapid7/metasploit-framework/issues/8970,issue,closed,2017-09-15T23:45:13Z,2018-01-22T17:08:42Z,2018-01-22T17:08:42Z,7,3
https://api.github.com/repos/google/ExoPlayer/issues/5009,issue,closed,2018-10-24T16:18:05Z,2019-05-16T13:01:23Z,2018-10-24T16:35:41Z,1,1
https://api.github.com/repos/elastic/elasticsearch/issues/31194,issue,closed,2018-06-08T09:31:10Z,2018-06-08T17:48:18Z,2018-06-08T17:48:18Z,5,3
https://api.github.com/repos/rapid7/metasploit-framework/issues/9418,issue,open,2018-01-15T21:27:27Z,2019-03-01T22:52:06Z,,2,2
https://api.github.com/repos/fastlane/fastlane/issues/13352,issue,closed,2018-09-12T23:35:54Z,2018-11-25T17:31:08Z,2018-09-26T02:24:28Z,3,1
https://api.github.com/repos/fatedier/frp/issues/1858,issue,open,2020-06-16T03:10:36Z,2020-06-29T05:39:51Z,,8,2
https://api.github.com/repos/jumpserver/jumpserver/issues/1926,issue,closed,2018-10-17T09:09:32Z,2018-10-19T01:35:41Z,2018-10-19T01:35:40Z,5,2
https://api.github.com/repos/XX-net/XX-Net/issues/6525,issue,open,2017-09-17T16:42:37Z,2017-09-18T03:28:50Z,,4,1
https://api.github.com/repos/ansible/ansible/issues/13881,pr,closed,2016-01-14T09:38:48Z,2019-04-26T16:13:09Z,2016-01-14T10:02:12Z,0,0
https://api.github.com/repos/ansible/ansible/issues/13878,pr,closed,2016-01-14T08:47:32Z,2019-04-26T16:13:07Z,2016-01-14T09:37:21Z,0,0
https://api.github.com/repos/ansible/ansible/issues/13883,pr,closed,2016-01-14T10:03:55Z,2019-04-26T16:13:10Z,2016-02-08T15:27:44Z,0,0
https://api.github.com/repos/rapid7/metasploit-framework/issues/12611,pr,closed,2019-11-20T13:28:21Z,2019-11-21T12:10:30Z,2019-11-21T12:10:30Z,0,0
https://api.github.com/repos/apache/spark/issues/12074,pr,closed,2016-03-30T21:49:02Z,2016-03-31T21:50:03Z,2016-03-31T21:50:03Z,19,3
https://api.github.com/repos/golang/go/issues/28870,issue,open,2018-11-19T19:03:26Z,2018-11-23T18:14:56Z,,1,1
https://api.github.com/repos/rclone/rclone/issues/4224,issue,closed,2020-05-12T03:32:05Z,2020-05-12T04:41:39Z,2020-05-12T04:41:39Z,1,0
https://api.github.com/repos/flutter/flutter/issues/32125,issue,open,2019-05-06T03:01:09Z,2020-07-11T22:44:46Z,,5,5
https://api.github.com/repos/alibaba/canal/issues/2464,issue,closed,2019-12-11T07:09:12Z,2020-01-16T07:32:12Z,2019-12-27T04:29:31Z,14,1
https://api.github.com/repos/mitmproxy/mitmproxy/issues/218,issue,closed,2014-02-18T07:06:27Z,2014-12-14T19:09:09Z,2014-02-18T12:26:14Z,8,2
https://api.github.com/repos/netty/netty/issues/9834,issue,closed,2019-12-03T21:28:21Z,2020-01-27T16:29:12Z,2019-12-10T10:38:07Z,9,3
https://api.github.com/repos/curl/curl/issues/3481,pr,closed,2019-01-17T01:20:35Z,2019-04-17T18:03:47Z,2019-01-17T14:03:50Z,1,1
https://api.github.com/repos/Tencent/mars/issues/376,issue,closed,2018-02-08T05:42:59Z,2018-11-12T06:08:59Z,2018-11-12T06:08:59Z,5,2
https://api.github.com/repos/JuliaLang/julia/issues/3671,issue,closed,2013-07-10T12:53:50Z,2013-07-11T21:52:25Z,2013-07-11T21:52:25Z,2,1
https://api.github.com/repos/rancher/rancher/issues/7493,issue,closed,2017-01-20T19:01:03Z,2017-07-02T16:33:09Z,2017-07-02T16:33:09Z,5,2
https://api.github.com/repos/netty/netty/issues/6636,pr,closed,2017-04-18T09:17:40Z,2017-04-19T10:11:54Z,2017-04-18T18:59:24Z,5,1
https://api.github.com/repos/golang/go/issues/27136,issue,closed,2018-08-21T23:57:28Z,2019-08-29T06:29:35Z,2018-08-29T06:28:58Z,5,1
https://api.github.com/repos/dbeaver/dbeaver/issues/1156,issue,closed,2017-01-18T08:53:21Z,2017-01-18T12:03:03Z,2017-01-18T12:03:03Z,2,1
https://api.github.com/repos/square/okhttp/issues/3529,issue,closed,2017-08-17T03:48:13Z,2017-08-17T04:01:59Z,2017-08-17T04:01:59Z,1,1
https://api.github.com/repos/fastlane/fastlane/issues/13768,issue,closed,2018-11-27T07:37:07Z,2019-04-01T17:40:32Z,2019-01-25T17:31:50Z,8,4
https://api.github.com/repos/alibaba/druid/issues/3467,issue,open,2019-09-16T09:07:51Z,2020-06-16T09:16:00Z,,1,1
https://api.github.com/repos/redisson/redisson/issues/2419,issue,closed,2019-11-21T11:42:33Z,2019-12-19T08:34:24Z,2019-12-19T08:34:24Z,4,2
https://api.github.com/repos/ohmyzsh/ohmyzsh/issues/5185,pr,closed,2016-06-23T07:16:06Z,2016-06-29T10:20:29Z,2016-06-29T10:20:29Z,0,0
https://api.github.com/repos/golang/go/issues/21793,issue,closed,2017-09-07T18:03:45Z,2018-10-02T21:43:47Z,2017-10-02T21:43:44Z,9,2
https://api.github.com/repos/golang/go/issues/20154,issue,closed,2017-04-28T01:15:08Z,2018-04-28T17:48:31Z,2017-04-28T17:44:57Z,3,1
https://api.github.com/repos/ansible/ansible/issues/17743,issue,closed,2016-09-24T19:54:26Z,2019-04-25T20:39:15Z,2017-11-22T00:30:56Z,6,3
https://api.github.com/repos/ohmyzsh/ohmyzsh/issues/1619,pr,closed,2013-02-21T01:56:31Z,2013-02-21T02:43:25Z,2013-02-21T02:43:25Z,0,0
https://api.github.com/repos/ohmyzsh/ohmyzsh/issues/5261,pr,closed,2016-07-27T10:06:54Z,2016-08-21T00:48:00Z,2016-08-21T00:48:00Z,4,3
https://api.github.com/repos/golang/go/issues/19826,issue,closed,2017-04-03T14:37:11Z,2018-04-05T15:09:19Z,2017-04-05T14:58:52Z,2,2
https://api.github.com/repos/ansible/ansible/issues/11163,pr,closed,2015-06-04T13:16:22Z,2019-04-26T15:42:36Z,2015-06-11T13:16:27Z,0,0
https://api.github.com/repos/rapid7/metasploit-framework/issues/7404,issue,closed,2016-10-05T15:07:56Z,2016-10-05T20:27:44Z,2016-10-05T20:27:44Z,0,0
https://api.github.com/repos/golang/go/issues/5877,issue,closed,2013-07-12T13:36:19Z,2016-06-24T22:51:48Z,2014-12-08T10:32:18Z,13,4
https://api.github.com/repos/ohmyzsh/ohmyzsh/issues/1620,pr,closed,2013-02-21T02:47:13Z,2014-07-23T23:30:05Z,2013-04-24T03:37:48Z,3,1
https://api.github.com/repos/jumpserver/jumpserver/issues/2180,issue,closed,2018-12-17T01:21:22Z,2018-12-18T01:03:04Z,2018-12-18T01:03:03Z,2,1
https://api.github.com/repos/ansible/ansible/issues/45416,issue,closed,2018-09-10T10:54:07Z,2019-07-22T16:36:13Z,2018-09-10T17:10:24Z,2,1
https://api.github.com/repos/rapid7/metasploit-framework/issues/12229,issue,open,2019-08-24T19:12:05Z,2020-02-23T23:47:32Z,,0,0
https://api.github.com/repos/jumpserver/jumpserver/issues/2659,issue,closed,2019-05-05T07:23:38Z,2020-03-04T07:47:09Z,2019-08-12T04:54:31Z,3,3
https://api.github.com/repos/golang/go/issues/38870,issue,open,2020-05-05T07:02:53Z,2020-05-09T00:00:57Z,,2,2
https://api.github.com/repos/rapid7/metasploit-framework/issues/3772,issue,closed,2014-09-10T04:00:53Z,2014-09-10T16:10:23Z,2014-09-10T16:10:23Z,3,1
https://api.github.com/repos/golang/go/issues/30205,issue,closed,2019-02-13T11:20:12Z,2020-02-13T13:48:33Z,2019-02-13T13:47:09Z,1,1
https://api.github.com/repos/kubernetes/kubernetes/issues/33472,issue,closed,2016-09-26T09:54:11Z,2016-12-30T02:07:16Z,2016-12-30T02:07:16Z,36,7
https://api.github.com/repos/shadowsocks/ShadowsocksX-NG/issues/647,issue,closed,2017-12-08T02:52:53Z,2018-07-30T16:42:10Z,2018-01-15T07:47:01Z,7,2
https://api.github.com/repos/jumpserver/jumpserver/issues/2348,issue,closed,2019-01-15T04:24:09Z,2019-08-01T10:16:57Z,2019-08-01T10:16:57Z,17,11
https://api.github.com/repos/mitmproxy/mitmproxy/issues/636,issue,closed,2015-06-17T10:54:18Z,2015-06-18T06:33:00Z,2015-06-18T06:33:00Z,1,0
https://api.github.com/repos/golang/go/issues/31874,issue,closed,2019-05-07T04:45:23Z,2019-09-03T16:40:23Z,2019-09-03T16:40:22Z,9,2
https://api.github.com/repos/golang/go/issues/21001,issue,open,2017-07-13T17:40:54Z,2017-07-13T17:40:55Z,,0,0
https://api.github.com/repos/golang/go/issues/4703,issue,closed,2013-01-24T15:53:07Z,2016-06-24T22:31:44Z,2014-12-08T10:24:54Z,5,2
https://api.github.com/repos/netty/netty/issues/3447,issue,closed,2015-02-24T19:09:07Z,2015-04-09T18:55:34Z,2015-04-09T18:55:29Z,7,3
https://api.github.com/repos/XX-net/XX-Net/issues/12218,issue,closed,2019-02-10T10:31:26Z,2019-07-17T00:07:59Z,2019-07-17T00:07:59Z,2,2
https://api.github.com/repos/golang/go/issues/32464,issue,open,2019-06-06T17:05:28Z,2019-06-10T19:05:18Z,,0,0
https://api.github.com/repos/curl/curl/issues/421,issue,closed,2015-09-09T00:54:10Z,2018-05-07T16:11:55Z,2015-09-23T11:08:22Z,4,1
https://api.github.com/repos/rapid7/metasploit-framework/issues/12228,issue,open,2019-08-24T06:52:50Z,2020-05-03T22:36:31Z,,6,4
https://api.github.com/repos/ethereum/go-ethereum/issues/19888,issue,closed,2019-07-25T10:28:26Z,2020-01-30T09:24:40Z,2019-07-26T07:59:16Z,12,3
https://api.github.com/repos/square/okhttp/issues/5598,issue,closed,2019-11-13T07:44:16Z,2019-12-24T09:09:38Z,2019-11-13T12:31:23Z,2,1
https://api.github.com/repos/golang/go/issues/1114,issue,closed,2010-09-17T02:32:17Z,2016-06-24T19:20:16Z,2014-12-08T10:07:02Z,2,1
https://api.github.com/repos/golang/go/issues/32891,issue,closed,2019-07-02T08:54:54Z,2020-04-14T21:27:11Z,2019-07-10T20:05:12Z,8,3
https://api.github.com/repos/XX-net/XX-Net/issues/12230,issue,closed,2019-02-14T02:43:27Z,2019-07-17T00:00:09Z,2019-07-17T00:00:09Z,1,1
https://api.github.com/repos/symfony/symfony/issues/31413,issue,closed,2019-05-07T20:08:37Z,2019-05-11T06:54:14Z,2019-05-11T06:54:14Z,0,0
https://api.github.com/repos/etcd-io/etcd/issues/5875,issue,closed,2016-07-05T16:49:23Z,2018-08-28T01:31:33Z,2016-07-05T16:59:14Z,1,0
https://api.github.com/repos/jumpserver/jumpserver/issues/3751,issue,closed,2020-03-05T02:44:06Z,2020-03-10T06:30:22Z,2020-03-10T06:30:22Z,6,2
https://api.github.com/repos/v2ray/v2ray-core/issues/1576,issue,closed,2019-02-26T09:29:08Z,2019-04-27T14:27:19Z,2019-04-27T14:27:19Z,11,8
https://api.github.com/repos/rapid7/metasploit-framework/issues/465,pr,closed,2012-06-10T00:38:56Z,2014-07-02T19:29:28Z,2012-06-10T07:08:34Z,0,0
https://api.github.com/repos/rapid7/metasploit-framework/issues/69,pr,closed,2011-12-20T06:55:00Z,2014-06-26T09:57:32Z,2011-12-20T08:09:39Z,0,0
https://api.github.com/repos/netty/netty/issues/6125,issue,closed,2016-12-10T15:56:23Z,2019-10-07T17:37:01Z,2018-04-12T20:14:37Z,40,6
https://api.github.com/repos/square/okhttp/issues/3445,issue,closed,2017-07-04T07:05:22Z,2017-07-04T15:09:42Z,2017-07-04T15:09:32Z,1,1
https://api.github.com/repos/alibaba/druid/issues/1437,issue,open,2016-09-28T07:52:47Z,2018-07-24T05:59:59Z,,1,1
https://api.github.com/repos/golang/go/issues/33109,issue,closed,2019-07-14T22:40:11Z,2020-07-14T18:42:46Z,2019-07-15T18:35:51Z,7,4
https://api.github.com/repos/signalapp/Signal-Android/issues/1451,issue,closed,2014-05-05T16:02:48Z,2014-05-05T22:54:34Z,2014-05-05T22:54:34Z,3,1
https://api.github.com/repos/XX-net/XX-Net/issues/10320,issue,closed,2018-04-03T15:30:32Z,2018-04-27T12:02:27Z,2018-04-27T12:02:27Z,6,3
https://api.github.com/repos/eggjs/egg/issues/1380,issue,open,2017-09-04T07:49:34Z,2020-07-02T16:00:55Z,,9,3
https://api.github.com/repos/microsoft/vscode/issues/71590,issue,closed,2019-04-02T10:45:08Z,2019-05-17T18:12:40Z,2019-04-02T17:34:08Z,2,2
https://api.github.com/repos/hashicorp/vagrant/issues/9912,issue,closed,2018-06-09T13:26:21Z,2020-04-01T02:08:53Z,2018-07-27T17:25:57Z,3,2
https://api.github.com/repos/XX-net/XX-Net/issues/2894,issue,open,2016-04-14T14:55:17Z,2016-04-15T10:27:39Z,,8,4
https://api.github.com/repos/denoland/deno/issues/6499,pr,closed,2020-06-26T16:39:05Z,2020-06-26T18:11:22Z,2020-06-26T18:11:21Z,0,0
https://api.github.com/repos/jumpserver/jumpserver/issues/2041,issue,closed,2018-11-14T09:16:58Z,2018-11-23T11:03:35Z,2018-11-23T11:03:35Z,4,2
https://api.github.com/repos/elastic/elasticsearch/issues/25914,issue,closed,2017-07-26T16:56:25Z,2017-07-26T20:12:45Z,2017-07-26T20:12:45Z,1,1
https://api.github.com/repos/envoyproxy/envoy/issues/9901,pr,closed,2020-02-01T00:10:55Z,2020-02-06T05:06:32Z,2020-02-06T05:06:32Z,0,0
https://api.github.com/repos/hashicorp/vault/issues/2988,issue,closed,2017-07-08T10:20:51Z,2017-07-09T02:44:06Z,2017-07-08T11:41:09Z,7,1
https://api.github.com/repos/ansible/ansible/issues/11633,issue,closed,2015-07-17T21:54:02Z,2019-04-25T18:55:02Z,2015-07-18T20:14:40Z,3,1
https://api.github.com/repos/golang/go/issues/3810,issue,closed,2012-07-09T04:56:33Z,2016-06-24T22:21:22Z,2014-12-08T10:20:08Z,17,2
https://api.github.com/repos/golang/go/issues/5137,issue,closed,2013-03-27T08:01:52Z,2016-08-22T18:41:32Z,2015-08-13T11:51:29Z,8,4
https://api.github.com/repos/Blankj/AndroidUtilCode/issues/984,issue,closed,2019-07-17T10:29:17Z,2019-08-08T17:18:46Z,2019-08-08T17:18:46Z,2,1
https://api.github.com/repos/rapid7/metasploit-framework/issues/6126,pr,closed,2015-10-22T20:18:10Z,2015-10-26T14:30:39Z,2015-10-24T21:53:02Z,3,2
https://api.github.com/repos/golang/go/issues/27140,issue,open,2018-08-22T07:58:27Z,2020-01-27T07:27:12Z,,15,7
https://api.github.com/repos/mitmproxy/mitmproxy/issues/3372,issue,open,2018-11-02T03:45:37Z,2018-11-02T21:15:22Z,,1,1
https://api.github.com/repos/cockroachdb/cockroach/issues/11302,issue,closed,2016-11-24T08:42:16Z,2016-11-24T13:34:43Z,2016-11-24T13:34:43Z,0,0
https://api.github.com/repos/cockroachdb/cockroach/issues/11920,issue,closed,2016-12-03T08:46:53Z,2016-12-03T10:31:33Z,2016-12-03T10:31:33Z,0,0
https://api.github.com/repos/rapid7/metasploit-framework/issues/3915,issue,closed,2014-09-30T10:28:04Z,2014-10-01T18:42:43Z,2014-09-30T18:37:21Z,6,2
https://api.github.com/repos/golang/go/issues/18953,issue,closed,2017-02-06T02:16:23Z,2018-07-06T15:27:51Z,2017-07-06T15:27:40Z,10,5
https://api.github.com/repos/bitcoin/bitcoin/issues/18983,issue,closed,2020-05-15T16:32:18Z,2020-05-16T21:40:39Z,2020-05-15T17:29:30Z,2,0
https://api.github.com/repos/XX-net/XX-Net/issues/7797,issue,open,2017-10-30T09:58:03Z,2017-10-31T07:13:57Z,,7,4
https://api.github.com/repos/square/okhttp/issues/3387,issue,closed,2017-06-06T01:27:34Z,2017-08-14T16:18:43Z,2017-06-10T14:10:07Z,6,3
https://api.github.com/repos/rapid7/metasploit-framework/issues/1194,pr,closed,2012-12-21T16:50:43Z,2012-12-21T20:04:39Z,2012-12-21T20:04:39Z,1,1
https://api.github.com/repos/signalapp/Signal-Android/issues/6047,issue,closed,2017-01-13T17:25:30Z,2017-01-14T03:33:08Z,2017-01-14T03:33:08Z,2,2
https://api.github.com/repos/dbeaver/dbeaver/issues/4017,issue,closed,2018-08-17T15:19:00Z,2018-08-17T16:02:13Z,2018-08-17T16:02:13Z,3,1
https://api.github.com/repos/v2ray/v2ray-core/issues/1863,pr,closed,2019-08-27T01:32:54Z,2019-10-30T04:38:23Z,2019-09-07T10:18:01Z,1,0
https://api.github.com/repos/crystal-lang/crystal/issues/6741,issue,closed,2018-09-18T03:03:35Z,2018-09-18T10:12:23Z,2018-09-18T10:12:22Z,4,1
https://api.github.com/repos/redisson/redisson/issues/1527,issue,closed,2018-06-30T16:42:11Z,2019-04-16T16:56:25Z,2019-04-06T22:08:04Z,8,4
https://api.github.com/repos/golang/go/issues/8489,issue,closed,2014-08-07T01:06:19Z,2016-06-25T01:39:13Z,2014-12-08T10:47:09Z,3,3
https://api.github.com/repos/golang/go/issues/21807,issue,closed,2017-09-08T15:53:54Z,2018-09-09T19:08:49Z,2017-09-09T19:07:07Z,2,2
https://api.github.com/repos/hashicorp/vagrant/issues/1221,pr,closed,2012-11-09T21:08:22Z,2020-04-15T02:28:29Z,2013-04-07T22:40:30Z,4,3
https://api.github.com/repos/grpc/grpc/issues/4250,issue,closed,2015-12-02T21:24:02Z,2018-10-04T16:11:32Z,2016-02-16T21:17:43Z,0,0
https://api.github.com/repos/swoole/swoole-src/issues/1014,issue,closed,2017-01-09T06:09:56Z,2017-01-13T08:37:48Z,2017-01-13T08:37:48Z,3,1
https://api.github.com/repos/jumpserver/jumpserver/issues/3966,issue,closed,2020-05-07T05:56:34Z,2020-05-07T06:43:14Z,2020-05-07T06:43:13Z,1,0
https://api.github.com/repos/golang/go/issues/17708,issue,closed,2016-10-31T22:10:43Z,2017-10-31T23:42:10Z,2016-10-31T22:59:50Z,3,1
https://api.github.com/repos/golang/go/issues/22807,issue,open,2017-11-19T12:10:11Z,2018-06-26T22:13:19Z,,1,1
https://api.github.com/repos/ipython/ipython/issues/807,pr,closed,2011-09-20T07:58:25Z,2014-06-25T23:43:09Z,2011-09-21T06:00:22Z,1,1
https://api.github.com/repos/envoyproxy/envoy/issues/9319,issue,closed,2019-12-11T19:45:20Z,2020-01-11T00:30:21Z,2020-01-11T00:30:21Z,3,3
https://api.github.com/repos/golang/go/issues/27014,issue,closed,2018-08-15T23:35:01Z,2019-08-17T11:57:39Z,2018-08-17T11:56:19Z,7,2
https://api.github.com/repos/hashicorp/vagrant/issues/1900,issue,closed,2013-07-05T09:44:52Z,2020-04-15T02:11:00Z,2013-07-16T23:47:11Z,1,1
https://api.github.com/repos/Eugeny/terminus/issues/2454,issue,open,2020-04-22T08:07:58Z,2020-04-22T08:07:58Z,,0,0
https://api.github.com/repos/jumpserver/jumpserver/issues/3398,issue,closed,2019-10-30T02:32:20Z,2019-11-04T02:51:48Z,2019-11-04T02:51:48Z,1,1
https://api.github.com/repos/golang/go/issues/16994,issue,open,2016-09-05T13:20:00Z,2019-04-09T12:07:56Z,,1,1
https://api.github.com/repos/jumpserver/jumpserver/issues/931,issue,closed,2018-01-17T07:18:04Z,2018-01-29T06:09:23Z,2018-01-29T06:09:23Z,8,4
https://api.github.com/repos/ohmyzsh/ohmyzsh/issues/768,pr,closed,2011-12-22T19:04:02Z,2014-06-25T16:32:39Z,2011-12-26T18:02:59Z,0,0
https://api.github.com/repos/jumpserver/jumpserver/issues/726,issue,closed,2017-09-25T03:20:35Z,2017-10-27T02:54:15Z,2017-09-25T13:37:58Z,7,3
https://api.github.com/repos/cockroachdb/cockroach/issues/11150,issue,closed,2016-11-23T07:28:01Z,2016-11-23T07:31:46Z,2016-11-23T07:31:46Z,0,0
https://api.github.com/repos/cockroachdb/cockroach/issues/11072,issue,closed,2016-11-23T07:24:28Z,2016-11-23T07:32:33Z,2016-11-23T07:32:33Z,0,0
https://api.github.com/repos/cockroachdb/cockroach/issues/11098,issue,closed,2016-11-23T07:25:42Z,2016-11-23T07:31:58Z,2016-11-23T07:31:58Z,0,0
https://api.github.com/repos/cockroachdb/cockroach/issues/10982,issue,closed,2016-11-23T07:15:06Z,2016-11-23T07:33:24Z,2016-11-23T07:33:24Z,0,0
https://api.github.com/repos/square/retrofit/issues/793,issue,closed,2015-03-25T16:20:03Z,2015-03-26T03:53:51Z,2015-03-26T03:53:51Z,1,1
https://api.github.com/repos/cmderdev/cmder/issues/1885,issue,closed,2018-09-17T15:21:33Z,2019-03-01T22:05:40Z,2019-03-01T22:04:44Z,4,4
https://api.github.com/repos/grpc/grpc/issues/200,issue,closed,2015-01-26T06:17:51Z,2018-10-05T22:45:09Z,2015-06-26T20:58:55Z,0,0
https://api.github.com/repos/Eugeny/terminus/issues/2717,issue,closed,2020-06-19T09:46:01Z,2020-07-29T17:19:15Z,2020-07-29T17:19:15Z,0,0
https://api.github.com/repos/golang/go/issues/36647,issue,closed,2020-01-20T06:44:34Z,2020-03-12T07:04:02Z,2020-02-04T22:23:13Z,4,3
https://api.github.com/repos/rapid7/metasploit-framework/issues/11568,pr,closed,2019-03-16T12:50:03Z,2019-03-23T01:27:27Z,2019-03-17T17:15:40Z,1,1
https://api.github.com/repos/golang/go/issues/21009,issue,closed,2017-07-14T08:49:12Z,2018-07-21T01:11:00Z,2017-07-14T13:03:02Z,1,1
https://api.github.com/repos/elastic/kibana/issues/1530,issue,closed,2014-10-06T17:03:19Z,2015-03-02T15:28:20Z,2014-11-05T21:12:01Z,8,5
https://api.github.com/repos/ohmyzsh/ohmyzsh/issues/6223,pr,closed,2017-08-03T19:52:41Z,2019-02-12T20:05:30Z,2019-02-12T20:05:30Z,1,1
https://api.github.com/repos/hashicorp/vagrant/issues/1633,pr,closed,2013-04-19T16:05:37Z,2020-04-15T02:25:34Z,2013-04-19T16:06:47Z,1,1
https://api.github.com/repos/golang/go/issues/18850,issue,closed,2017-01-30T09:32:29Z,2018-02-06T10:15:22Z,2017-02-06T10:06:41Z,7,1
https://api.github.com/repos/zhangdaiscott/jeecg-boot/issues/89,issue,closed,2019-05-02T02:20:28Z,2019-05-10T06:00:29Z,2019-05-10T06:00:29Z,2,1
https://api.github.com/repos/spotify/luigi/issues/425,pr,closed,2014-09-05T14:09:49Z,2014-09-05T15:21:43Z,2014-09-05T15:21:43Z,0,0
https://api.github.com/repos/Tencent/weui/issues/367,issue,closed,2016-05-18T03:36:49Z,2016-10-10T08:42:41Z,2016-10-10T08:42:41Z,1,1
https://api.github.com/repos/square/retrofit/issues/2388,issue,closed,2017-07-04T07:06:54Z,2020-01-09T11:23:28Z,2017-07-04T15:09:04Z,4,4
https://api.github.com/repos/ansible/ansible/issues/11843,issue,closed,2015-08-04T06:57:18Z,2019-04-25T18:57:13Z,2015-08-04T13:52:01Z,1,1
https://api.github.com/repos/hashicorp/vagrant/issues/2953,pr,closed,2014-02-10T17:56:30Z,2020-04-13T02:26:48Z,2014-02-10T21:21:46Z,1,0
https://api.github.com/repos/elastic/elasticsearch/issues/24575,issue,closed,2017-05-10T09:05:57Z,2017-10-09T09:15:05Z,2017-05-12T14:38:50Z,11,6
https://api.github.com/repos/ansible/ansible/issues/17712,pr,closed,2016-09-22T20:20:07Z,2019-04-26T17:17:39Z,2016-09-22T23:52:42Z,0,0
https://api.github.com/repos/emscripten-core/emscripten/issues/4463,issue,closed,2016-08-04T09:54:59Z,2016-08-16T17:47:51Z,2016-08-16T17:47:51Z,1,1
https://api.github.com/repos/Eugeny/terminus/issues/2201,issue,closed,2020-03-02T14:37:56Z,2020-03-02T15:21:44Z,2020-03-02T15:21:44Z,0,0
https://api.github.com/repos/kubernetes/minikube/issues/7194,issue,closed,2020-03-24T07:21:40Z,2020-03-26T18:36:07Z,2020-03-26T18:36:06Z,3,1
https://api.github.com/repos/hashicorp/vagrant/issues/5690,issue,closed,2015-05-07T09:28:50Z,2020-04-08T02:14:43Z,2015-05-22T14:44:40Z,0,0
https://api.github.com/repos/Homebrew/legacy-homebrew/issues/1256,issue,closed,2010-04-27T06:46:12Z,2016-02-16T09:43:04Z,2010-06-06T21:45:03Z,4,3
https://api.github.com/repos/jumpserver/jumpserver/issues/1381,issue,closed,2018-05-31T04:18:12Z,2019-04-01T10:10:46Z,2018-08-28T04:25:59Z,6,4
https://api.github.com/repos/ansible/ansible/issues/2155,issue,closed,2013-02-20T15:36:19Z,2019-04-24T18:08:27Z,2013-02-20T16:33:49Z,7,7
https://api.github.com/repos/golang/go/issues/8306,issue,closed,2014-07-01T14:52:33Z,2016-08-22T18:41:38Z,2015-08-18T11:01:36Z,2,2
https://api.github.com/repos/flutter/flutter/issues/16906,pr,closed,2018-04-23T23:20:36Z,2018-04-24T04:26:55Z,2018-04-24T04:26:52Z,0,0
https://api.github.com/repos/rapid7/metasploit-framework/issues/10181,issue,closed,2018-06-16T08:04:37Z,2020-05-06T13:58:44Z,2020-05-06T13:58:44Z,17,5
https://api.github.com/repos/ansible/ansible/issues/17331,pr,closed,2016-08-31T19:07:03Z,2019-04-26T17:10:45Z,2016-09-01T02:05:30Z,0,0
https://api.github.com/repos/curl/curl/issues/2613,pr,closed,2018-05-28T13:43:41Z,2018-08-26T18:49:09Z,2018-05-28T18:32:13Z,1,1
https://api.github.com/repos/microsoft/vscode/issues/35118,issue,closed,2017-09-26T13:15:00Z,2017-11-17T15:04:46Z,2017-09-27T13:09:42Z,1,1
https://api.github.com/repos/swoole/swoole-src/issues/861,issue,closed,2016-09-28T03:00:02Z,2016-10-18T03:20:29Z,2016-10-18T03:20:22Z,3,1
https://api.github.com/repos/grpc/grpc/issues/12871,issue,closed,2017-10-06T21:15:25Z,2018-09-30T08:21:44Z,2017-12-14T17:59:32Z,2,1
https://api.github.com/repos/cockroachdb/cockroach/issues/11145,issue,closed,2016-11-23T07:27:47Z,2016-11-23T07:31:46Z,2016-11-23T07:31:46Z,0,0
https://api.github.com/repos/cockroachdb/cockroach/issues/11094,issue,closed,2016-11-23T07:25:30Z,2016-11-23T07:31:58Z,2016-11-23T07:31:58Z,0,0
https://api.github.com/repos/cockroachdb/cockroach/issues/10996,issue,closed,2016-11-23T07:17:22Z,2016-11-23T07:33:14Z,2016-11-23T07:33:14Z,0,0
https://api.github.com/repos/cockroachdb/cockroach/issues/11039,issue,closed,2016-11-23T07:20:01Z,2016-11-23T07:33:06Z,2016-11-23T07:33:05Z,0,0
https://api.github.com/repos/shadowsocks/shadowsocks/issues/780,pr,closed,2017-03-04T11:55:32Z,2017-03-05T03:40:50Z,2017-03-04T17:09:40Z,0,0
https://api.github.com/repos/bitcoin/bitcoin/issues/18913,issue,open,2020-05-08T05:21:59Z,2020-05-09T05:15:42Z,,2,1
https://api.github.com/repos/rapid7/metasploit-framework/issues/10331,issue,closed,2018-07-17T23:59:54Z,2018-07-25T23:22:38Z,2018-07-25T23:22:38Z,1,1
https://api.github.com/repos/curl/curl/issues/2248,pr,closed,2018-01-18T00:43:41Z,2018-05-05T17:24:49Z,2018-01-18T16:09:10Z,2,1
https://api.github.com/repos/elastic/elasticsearch/issues/30103,issue,open,2017-09-22T15:22:49Z,2020-05-04T22:50:38Z,,5,2
https://api.github.com/repos/elastic/kibana/issues/27919,issue,closed,2019-01-02T20:23:27Z,2019-01-11T21:00:58Z,2019-01-10T14:05:57Z,35,3
https://api.github.com/repos/hashicorp/vagrant/issues/7282,issue,closed,2016-05-03T16:50:32Z,2020-04-05T02:03:34Z,2016-05-03T17:00:38Z,1,1
https://api.github.com/repos/trailofbits/algo/issues/690,issue,closed,2017-10-10T18:03:27Z,2017-11-12T23:47:11Z,2017-11-12T23:47:11Z,2,2
https://api.github.com/repos/rapid7/metasploit-framework/issues/2271,pr,closed,2013-08-22T00:21:45Z,2014-07-15T21:07:09Z,2013-08-26T21:39:12Z,0,0
https://api.github.com/repos/cmderdev/cmder/issues/387,issue,closed,2015-02-08T12:13:31Z,2017-08-17T08:33:50Z,2015-04-01T15:18:30Z,18,4
https://api.github.com/repos/metabase/metabase/issues/5035,pr,closed,2017-05-09T16:47:53Z,2017-05-09T20:04:56Z,2017-05-09T20:04:52Z,0,0
https://api.github.com/repos/golang/go/issues/4285,issue,closed,2012-10-25T06:55:44Z,2016-06-24T22:27:00Z,2014-12-08T10:22:47Z,2,1
https://api.github.com/repos/kubernetes/minikube/issues/1086,issue,closed,2017-02-03T20:23:53Z,2019-05-16T19:14:07Z,2017-02-17T17:56:09Z,3,3
https://api.github.com/repos/cockroachdb/cockroach/issues/22024,issue,closed,2018-01-30T07:17:19Z,2018-01-30T15:42:06Z,2018-01-30T15:42:06Z,0,0
https://api.github.com/repos/cockroachdb/cockroach/issues/22200,issue,closed,2018-01-30T07:23:46Z,2018-01-30T15:42:06Z,2018-01-30T15:42:06Z,0,0
https://api.github.com/repos/Blankj/AndroidUtilCode/issues/376,issue,closed,2018-01-09T03:20:00Z,2018-03-05T08:12:47Z,2018-03-05T08:12:47Z,1,1
https://api.github.com/repos/hashicorp/vagrant/issues/9985,issue,closed,2018-07-03T20:07:36Z,2020-03-28T02:11:54Z,2018-12-19T21:28:30Z,6,1
https://api.github.com/repos/signalapp/Signal-Android/issues/8355,issue,open,2018-11-10T12:20:38Z,2019-11-27T20:28:12Z,,116,26
https://api.github.com/repos/DefinitelyTyped/DefinitelyTyped/issues/6678,pr,closed,2015-11-09T04:52:11Z,2015-11-11T12:57:31Z,2015-11-11T10:02:38Z,1,1
https://api.github.com/repos/ansible/ansible/issues/4732,issue,closed,2013-10-30T17:12:18Z,2019-04-24T19:10:32Z,2013-10-31T22:02:33Z,2,1
https://api.github.com/repos/netty/netty/issues/10083,issue,closed,2020-03-04T09:32:22Z,2020-03-19T14:56:29Z,2020-03-17T11:34:35Z,5,2
https://api.github.com/repos/jumpserver/jumpserver/issues/61,issue,closed,2016-02-22T15:30:18Z,2017-10-08T23:48:10Z,2017-10-08T23:48:10Z,1,0
https://api.github.com/repos/netty/netty/issues/8158,issue,closed,2018-07-27T19:32:59Z,2018-08-09T12:01:41Z,2018-08-09T12:01:41Z,17,2
https://api.github.com/repos/grpc/grpc/issues/14310,issue,closed,2018-02-05T12:41:53Z,2018-11-14T19:08:38Z,2018-08-16T18:51:32Z,2,1
https://api.github.com/repos/shadowsocks/ShadowsocksX-NG/issues/1256,issue,closed,2020-02-10T04:57:10Z,2020-03-29T09:00:52Z,2020-03-29T09:00:52Z,0,0
https://api.github.com/repos/rapid7/metasploit-framework/issues/7878,issue,open,2017-01-27T12:02:51Z,2018-07-02T18:55:58Z,,1,0
https://api.github.com/repos/socketio/socket.io/issues/1361,issue,closed,2013-12-06T10:07:48Z,2014-08-19T00:36:01Z,2014-08-19T00:36:01Z,2,2
https://api.github.com/repos/golang/go/issues/4657,issue,closed,2013-01-14T04:59:05Z,2016-06-24T22:31:14Z,2014-12-08T10:24:40Z,1,1
https://api.github.com/repos/hashicorp/terraform/issues/22808,issue,closed,2019-09-16T13:45:17Z,2019-10-17T01:50:27Z,2019-09-16T15:55:15Z,3,2
https://api.github.com/repos/elastic/elasticsearch/issues/19998,issue,closed,2016-08-16T06:55:23Z,2017-03-17T23:35:21Z,2017-03-17T23:35:21Z,3,3
https://api.github.com/repos/littlecodersh/ItChat/issues/682,issue,open,2018-06-15T11:44:21Z,2019-06-11T12:23:46Z,,3,3
https://api.github.com/repos/envoyproxy/envoy/issues/3099,pr,closed,2018-04-17T07:47:45Z,2018-04-17T07:51:17Z,2018-04-17T07:51:17Z,0,0
https://api.github.com/repos/grpc/grpc/issues/14395,pr,closed,2018-02-09T21:51:12Z,2019-01-20T08:45:40Z,2018-02-13T07:41:36Z,12,1
https://api.github.com/repos/grpc/grpc/issues/15003,issue,closed,2018-04-10T18:21:07Z,2018-09-29T18:49:45Z,2018-04-11T01:09:30Z,0,0
https://api.github.com/repos/hexojs/hexo/issues/2986,issue,closed,2018-01-22T03:50:31Z,2018-01-30T20:02:32Z,2018-01-30T20:02:32Z,1,1
https://api.github.com/repos/dbeaver/dbeaver/issues/1965,issue,closed,2017-08-04T09:23:14Z,2017-09-17T17:16:50Z,2017-09-17T17:16:50Z,6,2
https://api.github.com/repos/etcd-io/etcd/issues/6465,pr,closed,2016-09-18T13:51:23Z,2018-08-28T01:31:56Z,2016-09-18T15:46:08Z,1,1
https://api.github.com/repos/dokku/dokku/issues/3417,issue,closed,2019-01-24T13:44:43Z,2019-04-22T20:54:57Z,2019-04-22T20:54:57Z,6,2
https://api.github.com/repos/rclone/rclone/issues/3557,issue,closed,2019-09-20T12:06:01Z,2019-09-20T16:12:52Z,2019-09-20T16:12:52Z,1,1
https://api.github.com/repos/hashicorp/vagrant/issues/1309,pr,closed,2013-01-10T15:45:10Z,2020-04-11T02:30:16Z,2013-01-31T05:10:43Z,1,1
https://api.github.com/repos/curl/curl/issues/2616,pr,closed,2018-05-28T21:55:38Z,2018-08-27T06:04:51Z,2018-05-29T05:59:54Z,0,0
https://api.github.com/repos/ansible/ansible/issues/13555,pr,closed,2015-12-15T12:18:00Z,2019-04-26T16:09:48Z,2015-12-15T13:35:26Z,0,0
https://api.github.com/repos/rapid7/metasploit-framework/issues/823,pr,closed,2012-09-22T21:50:40Z,2012-09-23T17:03:15Z,2012-09-23T17:03:14Z,0,0
https://api.github.com/repos/ytdl-org/youtube-dl/issues/7063,issue,closed,2015-10-04T17:53:49Z,2016-06-12T18:47:26Z,2016-06-12T18:47:26Z,2,2
https://api.github.com/repos/go-gitea/gitea/issues/5497,issue,closed,2018-12-08T15:56:10Z,2020-03-18T21:34:54Z,2019-01-14T18:04:07Z,12,5
https://api.github.com/repos/cockroachdb/cockroach/issues/11481,issue,closed,2016-11-24T10:20:54Z,2016-11-24T13:35:14Z,2016-11-24T13:35:14Z,0,0
https://api.github.com/repos/golang/go/issues/30794,issue,closed,2019-03-13T02:40:30Z,2020-07-23T04:44:51Z,2019-03-13T06:31:26Z,6,5
https://api.github.com/repos/cockroachdb/cockroach/issues/11490,issue,closed,2016-11-24T10:21:10Z,2016-11-24T13:34:57Z,2016-11-24T13:34:57Z,0,0
https://api.github.com/repos/symfony/symfony/issues/37158,issue,closed,2020-06-08T19:18:18Z,2020-06-09T08:58:53Z,2020-06-09T05:37:14Z,0,0
https://api.github.com/repos/elastic/elasticsearch/issues/342,issue,closed,2010-08-30T18:48:47Z,2010-09-01T18:32:20Z,2010-09-01T18:32:20Z,2,1
https://api.github.com/repos/signalapp/Signal-Android/issues/1303,issue,closed,2014-04-05T19:22:06Z,2014-04-05T19:56:27Z,2014-04-05T19:47:00Z,6,1
https://api.github.com/repos/getsentry/sentry/issues/4879,pr,closed,2017-02-07T20:04:08Z,2017-03-06T23:20:39Z,2017-03-06T23:20:36Z,1,1
https://api.github.com/repos/curl/curl/issues/5076,issue,closed,2020-03-11T09:05:17Z,2020-06-24T21:44:11Z,2020-03-11T14:51:14Z,4,1
https://api.github.com/repos/apache/dubbo/issues/4267,pr,closed,2019-06-07T13:36:59Z,2019-06-08T01:36:40Z,2019-06-08T01:36:40Z,0,0
https://api.github.com/repos/fastlane/fastlane/issues/2007,issue,closed,2015-12-31T11:16:59Z,2016-12-06T03:04:46Z,2016-06-13T17:58:31Z,16,6
https://api.github.com/repos/golang/go/issues/17934,issue,closed,2016-11-16T00:24:15Z,2017-11-16T18:32:48Z,2016-11-16T18:29:33Z,1,1
https://api.github.com/repos/ohmyzsh/ohmyzsh/issues/7174,pr,closed,2018-09-30T18:13:19Z,2019-01-18T08:08:10Z,2019-01-09T20:19:53Z,10,6
https://api.github.com/repos/golang/go/issues/6088,issue,closed,2013-08-09T09:37:38Z,2016-08-22T18:41:33Z,2015-08-18T11:08:26Z,13,5
https://api.github.com/repos/google/leveldb/issues/707,issue,open,2019-07-19T03:40:02Z,2019-07-30T16:42:59Z,,0,0
https://api.github.com/repos/cockroachdb/cockroach/issues/11485,issue,closed,2016-11-24T10:21:02Z,2016-11-24T13:34:58Z,2016-11-24T13:34:58Z,0,0
https://api.github.com/repos/golang/go/issues/39885,issue,open,2020-06-26T22:47:58Z,2020-07-01T17:52:44Z,,2,1
https://api.github.com/repos/alibaba/fastjson/issues/2266,issue,closed,2019-01-28T07:46:28Z,2019-04-11T14:58:33Z,2019-04-11T14:58:33Z,1,1
https://api.github.com/repos/cockroachdb/cockroach/issues/42768,pr,open,2019-11-26T02:56:23Z,2020-04-29T09:55:32Z,,4,4
https://api.github.com/repos/cockroachdb/cockroach/issues/11479,issue,closed,2016-11-24T10:20:52Z,2016-11-24T13:34:58Z,2016-11-24T13:34:58Z,0,0
https://api.github.com/repos/ohmyzsh/ohmyzsh/issues/4655,issue,closed,2015-12-01T16:00:15Z,2015-12-01T16:03:50Z,2015-12-01T16:03:50Z,1,0
https://api.github.com/repos/ansible/ansible/issues/43667,issue,closed,2018-08-04T23:59:18Z,2019-07-22T16:13:27Z,2018-09-18T20:07:43Z,9,4
https://api.github.com/repos/gogs/gogs/issues/3239,issue,closed,2016-07-06T12:57:21Z,2016-07-21T14:20:26Z,2016-07-15T05:36:04Z,10,2
https://api.github.com/repos/hashicorp/vagrant/issues/1576,pr,closed,2013-04-11T12:07:31Z,2020-04-11T02:13:33Z,2013-04-11T15:11:24Z,1,1
https://api.github.com/repos/rapid7/metasploit-framework/issues/8263,pr,closed,2017-04-18T20:45:02Z,2017-05-10T06:04:50Z,2017-04-26T06:38:56Z,8,2
https://api.github.com/repos/ytdl-org/youtube-dl/issues/17586,issue,closed,2018-09-16T05:07:23Z,2018-09-16T06:28:26Z,2018-09-16T06:28:21Z,1,2
