issue_link,repo_name,user_id,user_login,user_role,creation date,account_createdate
https://api.github.com/repos/aws-amplify/aws-sdk-ios/issues/1691,aws-amplify/aws-sdk-ios,227982,palpatim,questioner,2019-07-26T22:43:47Z,2010-03-22T15:27:00Z
https://api.github.com/repos/aws-amplify/aws-sdk-ios/issues/1691,aws-amplify/aws-sdk-ios,10822388,phanchutoan,commenter,2019-08-05T00:50:02Z,2015-02-03T02:40:19Z
https://api.github.com/repos/aws-amplify/aws-sdk-ios/issues/1691,aws-amplify/aws-sdk-ios,26384082,stale[bot],commenter,2019-09-24T00:55:58Z,2017-03-13T14:06:37Z
https://api.github.com/repos/paypal/PayPal-iOS-SDK/issues/380,paypal/PayPal-iOS-SDK,2194027,jonathanpdiaz,questioner,2016-01-25T21:02:25Z,2012-08-22T04:45:59Z
https://api.github.com/repos/paypal/PayPal-iOS-SDK/issues/380,paypal/PayPal-iOS-SDK,94150,bluk,commenter,2016-01-25T21:07:30Z,2009-06-11T00:47:24Z
https://api.github.com/repos/paypal/PayPal-iOS-SDK/issues/380,paypal/PayPal-iOS-SDK,22363445,Miteshimmply,commenter,2016-09-22T06:49:30Z,2016-09-22T06:13:49Z
https://api.github.com/repos/BlocksKit/BlocksKit/issues/291,BlocksKit/BlocksKit,1772207,aleufms,questioner,2015-04-14T14:57:44Z,2012-05-24T01:06:26Z
https://api.github.com/repos/aws-amplify/aws-sdk-ios/issues/1175,aws-amplify/aws-sdk-ios,4237581,jkennington,questioner,2019-01-14T19:30:49Z,2013-04-23T17:54:05Z
https://api.github.com/repos/aws-amplify/aws-sdk-ios/issues/1175,aws-amplify/aws-sdk-ios,5359504,cbommas,commenter,2019-01-28T21:53:35Z,2013-09-01T17:58:24Z
https://api.github.com/repos/aws-amplify/aws-sdk-ios/issues/1202,aws-amplify/aws-sdk-ios,4237581,jkennington,questioner,2019-01-29T13:41:48Z,2013-04-23T17:54:05Z
https://api.github.com/repos/aws-amplify/aws-sdk-ios/issues/1037,aws-amplify/aws-sdk-ios,4237581,jkennington,questioner,2018-09-11T18:16:35Z,2013-04-23T17:54:05Z
https://api.github.com/repos/realm/realm-cocoa/issues/2933,realm/realm-cocoa,7051,jviney,questioner,2015-12-03T16:59:08Z,2008-04-13T06:53:40Z
https://api.github.com/repos/realm/realm-cocoa/issues/2933,realm/realm-cocoa,13825683,vtongcoder,commenter,2015-12-03T23:23:25Z,2015-08-17T02:10:35Z
https://api.github.com/repos/realm/realm-cocoa/issues/2933,realm/realm-cocoa,54825,bdash,commenter,2015-12-04T00:06:54Z,2009-02-16T01:11:09Z
https://api.github.com/repos/realm/realm-cocoa/issues/2933,realm/realm-cocoa,16039,zubko,commenter,2016-02-06T01:09:29Z,2008-07-04T14:13:17Z
https://api.github.com/repos/realm/realm-cocoa/issues/2933,realm/realm-cocoa,1368966,iantheparker,commenter,2016-02-09T18:43:33Z,2012-01-22T21:28:09Z
https://api.github.com/repos/realm/realm-cocoa/issues/2933,realm/realm-cocoa,6796262,annicaburns,commenter,2016-03-20T23:10:52Z,2014-02-26T17:20:54Z
https://api.github.com/repos/realm/realm-cocoa/issues/2933,realm/realm-cocoa,1381744,i-schuetz,commenter,2016-03-30T23:41:27Z,2012-01-26T11:12:27Z
https://api.github.com/repos/realm/realm-cocoa/issues/2933,realm/realm-cocoa,3256161,ohcrider,commenter,2016-04-10T10:21:54Z,2013-01-13T06:38:11Z
https://api.github.com/repos/realm/realm-cocoa/issues/2933,realm/realm-cocoa,3612892,saidsikira,commenter,2016-04-19T06:27:42Z,2013-02-16T18:51:00Z
https://api.github.com/repos/realm/realm-cocoa/issues/2933,realm/realm-cocoa,474794,jpsim,commenter,2016-04-19T09:01:59Z,2010-11-09T22:03:40Z
https://api.github.com/repos/realm/realm-cocoa/issues/2933,realm/realm-cocoa,408944,tgoyne,commenter,2016-04-19T15:05:44Z,2010-09-20T21:02:15Z
https://api.github.com/repos/realm/realm-cocoa/issues/2933,realm/realm-cocoa,9662625,zhenjiangliu24,commenter,2016-09-21T20:19:26Z,2014-11-10T20:02:52Z
https://api.github.com/repos/realm/realm-cocoa/issues/2933,realm/realm-cocoa,5863761,mjohnson12,commenter,2016-09-23T23:24:44Z,2013-11-05T20:47:54Z
https://api.github.com/repos/realm/realm-cocoa/issues/2933,realm/realm-cocoa,1279607,gabovanlugo,commenter,2016-09-28T14:19:36Z,2011-12-22T09:56:51Z
https://api.github.com/repos/realm/realm-cocoa/issues/2933,realm/realm-cocoa,7384288,wongzigii,commenter,2016-11-01T09:24:10Z,2014-04-23T12:49:44Z
https://api.github.com/repos/realm/realm-cocoa/issues/2933,realm/realm-cocoa,19148646,demensdeum,commenter,2017-04-07T17:31:33Z,2016-05-02T11:06:47Z
https://api.github.com/repos/facebook/facebook-ios-sdk/issues/104,facebook/facebook-ios-sdk,46859,tamoyal,questioner,2010-11-01T02:09:59Z,2009-01-15T17:39:51Z
https://api.github.com/repos/facebook/facebook-ios-sdk/issues/104,facebook/facebook-ios-sdk,12111,yariv,commenter,2010-11-01T04:44:41Z,2008-05-31T20:55:29Z
https://api.github.com/repos/facebook/facebook-ios-sdk/issues/104,facebook/facebook-ios-sdk,483476,tophfer,commenter,2010-11-16T08:08:28Z,2010-11-16T08:05:24Z
https://api.github.com/repos/facebook/facebook-ios-sdk/issues/104,facebook/facebook-ios-sdk,484384,eurias,commenter,2010-11-16T19:50:00Z,2010-11-16T19:46:14Z
https://api.github.com/repos/facebook/facebook-ios-sdk/issues/104,facebook/facebook-ios-sdk,711580,glesage,commenter,2011-08-18T17:33:43Z,2011-04-05T20:28:58Z
https://api.github.com/repos/couchbase/couchbase-lite-ios/issues/1438,couchbase/couchbase-lite-ios,5706391,pabitranjan,questioner,2016-09-13T14:15:09Z,2013-10-17T04:58:08Z
https://api.github.com/repos/couchbase/couchbase-lite-ios/issues/1438,couchbase/couchbase-lite-ios,43241,snej,commenter,2016-10-07T22:05:36Z,2008-12-30T01:52:44Z
https://api.github.com/repos/aws-amplify/aws-sdk-ios/issues/1203,aws-amplify/aws-sdk-ios,4237581,jkennington,questioner,2019-01-29T13:43:37Z,2013-04-23T17:54:05Z
https://api.github.com/repos/aws-amplify/aws-sdk-ios/issues/1203,aws-amplify/aws-sdk-ios,227982,palpatim,commenter,2019-07-11T22:29:02Z,2010-03-22T15:27:00Z
https://api.github.com/repos/aws-amplify/aws-sdk-ios/issues/2254,aws-amplify/aws-sdk-ios,1911939,wooj2,questioner,2020-01-25T01:06:47Z,2012-07-01T22:15:58Z
https://api.github.com/repos/rFlex/SCRecorder/issues/214,rFlex/SCRecorder,163333,loretoparisi,questioner,2015-09-20T17:31:25Z,2009-12-06T14:57:00Z
https://api.github.com/repos/rFlex/SCRecorder/issues/214,rFlex/SCRecorder,157073,mjgaylord,commenter,2015-10-07T09:03:58Z,2009-11-23T15:00:51Z
https://api.github.com/repos/Cocoanetics/DTCoreText/issues/831,Cocoanetics/DTCoreText,5876596,lazynoru,questioner,2014-12-15T05:20:38Z,2013-11-07T05:43:11Z
https://api.github.com/repos/Cocoanetics/DTCoreText/issues/831,Cocoanetics/DTCoreText,5015556,elviin,commenter,2015-02-16T15:21:08Z,2013-07-15T18:48:29Z
https://api.github.com/repos/TimOliver/TOCropViewController/issues/257,TimOliver/TOCropViewController,2879546,kcankaynak,questioner,2018-03-08T07:04:04Z,2012-11-24T16:50:27Z
https://api.github.com/repos/TimOliver/TOCropViewController/issues/257,TimOliver/TOCropViewController,429119,TimOliver,commenter,2018-03-11T16:24:13Z,2010-10-06T06:04:08Z
https://api.github.com/repos/TimOliver/TOCropViewController/issues/257,TimOliver/TOCropViewController,995265,omarojo,commenter,2018-03-20T01:36:46Z,2011-08-22T02:23:45Z
https://api.github.com/repos/ECSlidingViewController/ECSlidingViewController/issues/369,ECSlidingViewController/ECSlidingViewController,1708146,a7ex,questioner,2014-08-25T15:46:44Z,2012-05-05T09:03:05Z
https://api.github.com/repos/dustinrue/ControlPlane/issues/111,dustinrue/ControlPlane,641356,djbe,questioner,2012-01-05T00:48:48Z,2011-02-27T21:51:13Z
https://api.github.com/repos/dustinrue/ControlPlane/issues/111,dustinrue/ControlPlane,573953,dustinrue,commenter,2012-01-12T03:03:07Z,2011-01-20T04:52:44Z
https://api.github.com/repos/ShareKit/ShareKit/issues/50,ShareKit/ShareKit,1016974,VilemKurz,questioner,2011-10-10T13:28:48Z,2011-08-31T13:52:07Z
https://api.github.com/repos/ShareKit/ShareKit/issues/50,ShareKit/ShareKit,277576,scompt,commenter,2011-10-15T16:04:23Z,2010-05-15T08:41:54Z
https://api.github.com/repos/AFNetworking/AFNetworking/issues/2153,AFNetworking/AFNetworking,397049,DeeSee,questioner,2014-06-25T09:08:56Z,2010-09-13T06:04:20Z
https://api.github.com/repos/AFNetworking/AFNetworking/issues/2153,AFNetworking/AFNetworking,7659,mattt,commenter,2014-06-25T14:50:11Z,2008-04-17T03:18:54Z
https://api.github.com/repos/AFNetworking/AFNetworking/issues/2106,AFNetworking/AFNetworking,966500,yvbeek,questioner,2014-06-03T14:48:52Z,2011-08-08T14:08:58Z
https://api.github.com/repos/AFNetworking/AFNetworking/issues/2106,AFNetworking/AFNetworking,7659,mattt,commenter,2014-06-11T16:45:56Z,2008-04-17T03:18:54Z
https://api.github.com/repos/AFNetworking/AFNetworking/issues/2106,AFNetworking/AFNetworking,372994,dwineman,commenter,2014-08-25T11:46:12Z,2010-08-23T03:57:29Z
https://api.github.com/repos/libgit2/objective-git/issues/31,libgit2/objective-git,353158,indragiek,questioner,2011-05-31T04:46:02Z,2010-08-03T18:47:53Z
https://api.github.com/repos/libgit2/objective-git/issues/31,libgit2/objective-git,13760,joshaber,commenter,2011-05-31T16:14:25Z,2008-06-15T00:25:05Z
https://api.github.com/repos/sparkle-project/Sparkle/issues/1302,sparkle-project/Sparkle,635691,merrysuperstar,questioner,2018-10-29T16:56:53Z,2011-02-24T09:52:28Z
https://api.github.com/repos/sparkle-project/Sparkle/issues/1302,sparkle-project/Sparkle,72159,kornelski,commenter,2018-10-30T02:38:39Z,2009-04-09T14:50:19Z
https://api.github.com/repos/firebase/firebase-ios-sdk/issues/2548,firebase/firebase-ios-sdk,1841926,maksymmalyhin,questioner,2019-03-13T18:41:41Z,2012-06-12T10:07:01Z
https://api.github.com/repos/firebase/firebase-ios-sdk/issues/2548,firebase/firebase-ios-sdk,73870,paulb777,commenter,2019-03-14T04:04:42Z,2009-04-15T00:11:38Z
https://api.github.com/repos/realm/realm-cocoa/issues/1694,realm/realm-cocoa,408944,tgoyne,questioner,2015-03-26T23:01:04Z,2010-09-20T21:02:15Z
https://api.github.com/repos/realm/realm-cocoa/issues/1694,realm/realm-cocoa,1946610,segiddins,commenter,2015-03-26T23:06:34Z,2012-07-10T02:19:26Z
https://api.github.com/repos/realm/realm-cocoa/issues/1694,realm/realm-cocoa,250144,alazier,commenter,2015-03-27T17:37:49Z,2010-04-22T19:19:06Z
https://api.github.com/repos/ShareKit/ShareKit/issues/160,ShareKit/ShareKit,1016974,VilemKurz,questioner,2012-01-03T15:57:47Z,2011-08-31T13:52:07Z
https://api.github.com/repos/SDWebImage/SDWebImage/issues/52,SDWebImage/SDWebImage,97944,adamjernst,questioner,2011-12-05T14:19:14Z,2009-06-22T20:52:20Z
https://api.github.com/repos/couchbase/couchbase-lite-ios/issues/1467,couchbase/couchbase-lite-ios,43241,snej,questioner,2016-09-29T15:59:11Z,2008-12-30T01:52:44Z
https://api.github.com/repos/couchbase/couchbase-lite-ios/issues/1467,couchbase/couchbase-lite-ios,278476,vmilea,commenter,2016-12-20T10:17:11Z,2010-05-16T15:35:57Z
https://api.github.com/repos/mattt/AnimatedGIFImageSerialization/issues/11,mattt/AnimatedGIFImageSerialization,444313,rsanchezsaez,questioner,2014-10-16T11:47:40Z,2010-10-18T17:31:15Z
https://api.github.com/repos/mattt/AnimatedGIFImageSerialization/issues/11,mattt/AnimatedGIFImageSerialization,7659,mattt,commenter,2014-10-16T15:53:57Z,2008-04-17T03:18:54Z
https://api.github.com/repos/mattt/AnimatedGIFImageSerialization/issues/11,mattt/AnimatedGIFImageSerialization,601312,bwhiteley,commenter,2015-08-30T02:23:52Z,2011-02-04T23:54:41Z
https://api.github.com/repos/mattt/AnimatedGIFImageSerialization/issues/11,mattt/AnimatedGIFImageSerialization,617285,kostiadombrovsky,commenter,2016-01-30T00:21:57Z,2011-02-14T13:39:28Z
https://api.github.com/repos/mattt/AnimatedGIFImageSerialization/issues/11,mattt/AnimatedGIFImageSerialization,1878831,pionl,commenter,2016-04-22T09:57:10Z,2012-06-21T21:51:37Z
https://api.github.com/repos/mattt/AnimatedGIFImageSerialization/issues/11,mattt/AnimatedGIFImageSerialization,16302675,dmitry-ivanov-rlt,commenter,2016-04-22T11:50:41Z,2015-12-15T09:02:06Z
https://api.github.com/repos/AFNetworking/AFNetworking/issues/1579,AFNetworking/AFNetworking,10137,ghost,questioner,2013-11-10T02:02:49Z,2008-05-13T06:14:25Z
https://api.github.com/repos/AFNetworking/AFNetworking/issues/1579,AFNetworking/AFNetworking,4814876,jeremymailen,commenter,2013-12-05T03:59:39Z,2013-06-25T07:55:45Z
https://api.github.com/repos/AFNetworking/AFNetworking/issues/1579,AFNetworking/AFNetworking,7659,mattt,commenter,2014-01-17T02:56:56Z,2008-04-17T03:18:54Z
https://api.github.com/repos/Tunnelblick/Tunnelblick/issues/612,Tunnelblick/Tunnelblick,14303318,WoodpeckerBaby,questioner,2020-03-24T13:09:19Z,2015-09-15T23:52:55Z
https://api.github.com/repos/Tunnelblick/Tunnelblick/issues/612,Tunnelblick/Tunnelblick,127273,jkbullard,commenter,2020-03-24T14:01:56Z,2009-09-15T13:56:19Z
https://api.github.com/repos/firebase/firebase-ios-sdk/issues/2387,firebase/firebase-ios-sdk,1986214,nitinalabur,questioner,2019-02-13T17:53:31Z,2012-07-16T18:29:54Z
https://api.github.com/repos/firebase/firebase-ios-sdk/issues/2387,firebase/firebase-ios-sdk,26440463,google-oss-bot,commenter,2019-02-13T17:53:37Z,2017-03-15T16:41:41Z
https://api.github.com/repos/firebase/firebase-ios-sdk/issues/2387,firebase/firebase-ios-sdk,11888634,dmandar,commenter,2019-02-26T18:39:09Z,2015-04-10T14:47:47Z
https://api.github.com/repos/firebase/firebase-ios-sdk/issues/2387,firebase/firebase-ios-sdk,73870,paulb777,commenter,2019-02-26T20:21:31Z,2009-04-15T00:11:38Z
https://api.github.com/repos/firebase/firebase-ios-sdk/issues/2387,firebase/firebase-ios-sdk,1841926,maksymmalyhin,commenter,2019-03-01T19:15:52Z,2012-06-12T10:07:01Z
https://api.github.com/repos/firebase/firebase-ios-sdk/issues/2387,firebase/firebase-ios-sdk,14888785,ahmedAlmasri,commenter,2019-04-11T20:10:03Z,2015-09-29T11:29:54Z
https://api.github.com/repos/firebase/firebase-ios-sdk/issues/2387,firebase/firebase-ios-sdk,4529021,morganchen12,commenter,2019-06-27T18:50:42Z,2013-05-25T20:14:53Z
https://api.github.com/repos/firebase/firebase-ios-sdk/issues/2199,firebase/firebase-ios-sdk,10249104,wilhuff,questioner,2018-12-19T15:54:54Z,2014-12-20T01:30:29Z
https://api.github.com/repos/AFNetworking/AFNetworking/issues/1528,AFNetworking/AFNetworking,115131,justbuchanan,questioner,2013-10-22T15:27:13Z,2009-08-13T23:20:58Z
https://api.github.com/repos/AFNetworking/AFNetworking/issues/1528,AFNetworking/AFNetworking,7659,mattt,commenter,2013-10-23T08:21:39Z,2008-04-17T03:18:54Z
https://api.github.com/repos/AFNetworking/AFNetworking/issues/1528,AFNetworking/AFNetworking,19903799,rotemtt,commenter,2016-06-23T10:25:58Z,2016-06-13T08:41:33Z
https://api.github.com/repos/firebase/firebase-ios-sdk/issues/1636,firebase/firebase-ios-sdk,7107815,AndriyGo,questioner,2018-08-05T13:55:12Z,2014-03-30T15:17:10Z
https://api.github.com/repos/firebase/firebase-ios-sdk/issues/1636,firebase/firebase-ios-sdk,2235636,baolocdo,commenter,2018-08-06T18:30:02Z,2012-08-28T16:27:41Z
https://api.github.com/repos/AFNetworking/AFNetworking/issues/4479,AFNetworking/AFNetworking,53082319,StartingZhou,questioner,2019-11-26T15:33:33Z,2019-07-19T10:26:54Z
https://api.github.com/repos/AFNetworking/AFNetworking/issues/4479,AFNetworking/AFNetworking,29303030,kinarobin,commenter,2019-12-09T06:06:14Z,2017-06-09T09:41:39Z
https://api.github.com/repos/couchbase/couchbase-lite-ios/issues/841,couchbase/couchbase-lite-ios,43241,snej,questioner,2015-08-03T20:56:49Z,2008-12-30T01:52:44Z
https://api.github.com/repos/pkyeck/socket.IO-objc/issues/199,pkyeck/socket.IO-objc,6145172,jasonbodie,questioner,2014-07-08T17:53:36Z,2013-12-09T18:17:31Z
https://api.github.com/repos/pkyeck/socket.IO-objc/issues/199,pkyeck/socket.IO-objc,1390704,breaklee,commenter,2014-07-14T08:18:24Z,2012-01-30T07:34:58Z
https://api.github.com/repos/pkyeck/socket.IO-objc/issues/199,pkyeck/socket.IO-objc,870980,pkyeck,commenter,2014-07-14T08:28:44Z,2011-06-23T15:14:21Z
https://api.github.com/repos/pkyeck/socket.IO-objc/issues/199,pkyeck/socket.IO-objc,5762953,maziyarpanahi,commenter,2014-07-14T10:48:08Z,2013-10-24T06:40:45Z
https://api.github.com/repos/bang590/JSPatch/issues/97,bang590/JSPatch,1235170,hapton,questioner,2015-08-28T15:26:06Z,2011-12-02T03:28:07Z
https://api.github.com/repos/bang590/JSPatch/issues/97,bang590/JSPatch,329480,bang590,commenter,2015-08-29T08:19:51Z,2010-07-12T11:26:25Z
https://api.github.com/repos/ShareKit/ShareKit/issues/374,ShareKit/ShareKit,1750234,yohannprigent,questioner,2012-05-17T19:36:40Z,2012-05-17T19:29:11Z
https://api.github.com/repos/ShareKit/ShareKit/issues/374,ShareKit/ShareKit,1016974,VilemKurz,commenter,2012-05-21T11:44:03Z,2011-08-31T13:52:07Z
https://api.github.com/repos/AFNetworking/AFNetworking/issues/28,AFNetworking/AFNetworking,5177,evanlong,questioner,2011-09-15T08:02:24Z,2008-04-04T21:03:30Z
https://api.github.com/repos/AFNetworking/AFNetworking/issues/28,AFNetworking/AFNetworking,7659,mattt,commenter,2011-09-15T15:11:00Z,2008-04-17T03:18:54Z
https://api.github.com/repos/kstenerud/KSCrash/issues/323,kstenerud/KSCrash,47814950,nachoBonafonte,questioner,2019-04-05T09:11:11Z,2019-02-20T10:15:38Z
https://api.github.com/repos/kstenerud/KSCrash/issues/323,kstenerud/KSCrash,245857,kstenerud,commenter,2019-05-07T06:40:07Z,2010-04-17T00:53:51Z
https://api.github.com/repos/Marxon13/M13ProgressSuite/issues/16,Marxon13/M13ProgressSuite,6252568,auto234875,questioner,2014-02-19T00:46:06Z,2013-12-24T07:30:20Z
https://api.github.com/repos/Marxon13/M13ProgressSuite/issues/16,Marxon13/M13ProgressSuite,1834058,Marxon13,commenter,2014-02-19T15:04:31Z,2012-06-09T18:27:22Z
https://api.github.com/repos/realm/realm-cocoa/issues/6058,realm/realm-cocoa,102496,molind,questioner,2019-01-08T15:06:35Z,2009-07-07T12:28:56Z
https://api.github.com/repos/realm/realm-cocoa/issues/6058,realm/realm-cocoa,1215687,bmunkholm,commenter,2019-01-08T20:55:37Z,2011-11-23T14:00:13Z
https://api.github.com/repos/firebase/firebase-ios-sdk/issues/2189,firebase/firebase-ios-sdk,578995,businessengine,questioner,2018-12-14T08:54:58Z,2011-01-23T09:06:53Z
https://api.github.com/repos/firebase/firebase-ios-sdk/issues/2189,firebase/firebase-ios-sdk,10249104,wilhuff,commenter,2018-12-17T19:12:24Z,2014-12-20T01:30:29Z
https://api.github.com/repos/firebase/FirebaseUI-iOS/issues/605,firebase/FirebaseUI-iOS,5108256,xuaninbox,questioner,2019-01-31T19:37:36Z,2013-07-28T19:30:15Z
https://api.github.com/repos/firebase/FirebaseUI-iOS/issues/605,firebase/FirebaseUI-iOS,4529021,morganchen12,commenter,2019-01-31T19:45:11Z,2013-05-25T20:14:53Z
https://api.github.com/repos/firebase/FirebaseUI-iOS/issues/605,firebase/FirebaseUI-iOS,869251,renkelvin,commenter,2019-05-16T23:32:24Z,2011-06-23T02:45:07Z
https://api.github.com/repos/cocos2d/cocos2d-objc/issues/544,cocos2d/cocos2d-objc,1423068,Ben-G,questioner,2014-01-28T21:58:02Z,2012-02-09T13:56:37Z
https://api.github.com/repos/cocos2d/cocos2d-objc/issues/544,cocos2d/cocos2d-objc,715058,richardgroves,commenter,2014-01-28T23:53:56Z,2011-04-07T10:48:35Z
https://api.github.com/repos/cocos2d/cocos2d-objc/issues/544,cocos2d/cocos2d-objc,153633,slembcke,commenter,2014-01-29T15:07:09Z,2009-11-15T20:07:29Z
https://api.github.com/repos/pokeb/asi-http-request/issues/4,pokeb/asi-http-request,117823,zcohan,questioner,2009-08-27T11:42:43Z,2009-08-21T09:10:18Z
https://api.github.com/repos/pokeb/asi-http-request/issues/4,pokeb/asi-http-request,8152,pokeb,commenter,2009-08-27T11:57:36Z,2008-04-22T12:20:07Z
https://api.github.com/repos/AFNetworking/AFNetworking/issues/3598,AFNetworking/AFNetworking,4375169,liuxuan30,questioner,2016-07-01T09:24:52Z,2013-05-08T09:39:09Z
https://api.github.com/repos/AFNetworking/AFNetworking/issues/3598,AFNetworking/AFNetworking,15647680,w467364316,commenter,2016-07-02T01:20:33Z,2015-11-04T08:39:47Z
https://api.github.com/repos/AFNetworking/AFNetworking/issues/3598,AFNetworking/AFNetworking,19866087,Grimmreaper81,commenter,2016-07-04T01:19:29Z,2016-06-11T00:58:04Z
https://api.github.com/repos/AFNetworking/AFNetworking/issues/3598,AFNetworking/AFNetworking,13954438,Meonardo,commenter,2016-07-14T06:24:51Z,2015-08-25T01:20:37Z
https://api.github.com/repos/parse-community/Parse-SDK-iOS-OSX/issues/1144,parse-community/Parse-SDK-iOS-OSX,291573,antoinelamy,questioner,2017-06-05T12:24:16Z,2010-05-30T18:36:32Z
https://api.github.com/repos/parse-community/Parse-SDK-iOS-OSX/issues/1144,parse-community/Parse-SDK-iOS-OSX,364568,flovilmart,commenter,2017-06-05T12:53:49Z,2010-08-14T20:11:47Z
https://api.github.com/repos/novastone-media/MQTT-Client-Framework/issues/53,novastone-media/MQTT-Client-Framework,450923,beloso,questioner,2015-10-02T12:40:23Z,2010-10-23T13:48:40Z
https://api.github.com/repos/novastone-media/MQTT-Client-Framework/issues/53,novastone-media/MQTT-Client-Framework,4027289,ckrey,commenter,2015-10-05T07:47:03Z,2013-04-01T14:15:13Z
https://api.github.com/repos/novastone-media/MQTT-Client-Framework/issues/53,novastone-media/MQTT-Client-Framework,865221,CarlLee,commenter,2015-10-11T03:50:17Z,2011-06-21T20:10:12Z
https://api.github.com/repos/novastone-media/MQTT-Client-Framework/issues/53,novastone-media/MQTT-Client-Framework,2391557,ogres,commenter,2015-10-11T08:47:16Z,2012-09-21T07:03:11Z
https://api.github.com/repos/novastone-media/MQTT-Client-Framework/issues/53,novastone-media/MQTT-Client-Framework,25558,crsantos,commenter,2015-10-16T11:22:21Z,2008-09-21T01:39:49Z
https://api.github.com/repos/novastone-media/MQTT-Client-Framework/issues/53,novastone-media/MQTT-Client-Framework,6064240,wishsoul,commenter,2015-11-06T03:38:59Z,2013-11-29T06:10:17Z
https://api.github.com/repos/johnezang/JSONKit/issues/10,johnezang/JSONKit,248572,Vestrit,questioner,2011-03-14T18:49:09Z,2010-04-20T22:43:52Z
https://api.github.com/repos/johnezang/JSONKit/issues/10,johnezang/JSONKit,80060,johnezang,commenter,2011-03-17T04:45:33Z,2009-05-01T21:00:01Z
https://api.github.com/repos/ideashower/ShareKit/issues/163,ideashower/ShareKit,601042,myok12,questioner,2011-02-04T20:43:48Z,2011-02-04T20:10:07Z
https://api.github.com/repos/ideashower/ShareKit/issues/163,ideashower/ShareKit,59564,joshuatbrown,commenter,2011-03-01T01:48:21Z,2009-03-03T01:58:24Z
https://api.github.com/repos/ideashower/ShareKit/issues/163,ideashower/ShareKit,213392,troppoli,commenter,2011-07-28T18:57:20Z,2010-03-01T19:43:06Z
https://api.github.com/repos/kishikawakatsumi/PEPhotoCropEditor/issues/4,kishikawakatsumi/PEPhotoCropEditor,2316433,yorkwang,questioner,2013-07-09T07:06:40Z,2012-09-10T09:37:18Z
https://api.github.com/repos/phoboslab/Ejecta/issues/559,phoboslab/Ejecta,2651846,darionco,questioner,2015-10-20T16:17:29Z,2012-10-25T19:31:07Z
https://api.github.com/repos/phoboslab/Ejecta/issues/559,phoboslab/Ejecta,443987,phoboslab,commenter,2015-10-20T23:30:56Z,2010-10-18T13:22:08Z
https://api.github.com/repos/AFNetworking/AFNetworking/issues/3987,AFNetworking/AFNetworking,18590730,lizuba,questioner,2017-07-06T02:20:26Z,2016-04-21T07:54:29Z
https://api.github.com/repos/AFNetworking/AFNetworking/issues/3987,AFNetworking/AFNetworking,13012683,liangxiuchen,commenter,2017-07-07T10:05:08Z,2015-06-23T06:37:05Z
https://api.github.com/repos/AFNetworking/AFNetworking/issues/3987,AFNetworking/AFNetworking,26384082,stale[bot],commenter,2020-03-31T10:44:02Z,2017-03-13T14:06:37Z
https://api.github.com/repos/Mantle/Mantle/issues/818,Mantle/Mantle,14288598,gupengno1,questioner,2018-01-17T03:34:19Z,2015-09-15T06:19:26Z
https://api.github.com/repos/Mantle/Mantle/issues/818,Mantle/Mantle,4954289,soranoba,commenter,2018-01-18T17:13:47Z,2013-07-06T14:10:32Z
https://api.github.com/repos/Mantle/Mantle/issues/818,Mantle/Mantle,5419651,herrapa,commenter,2018-02-01T15:23:57Z,2013-09-09T16:01:28Z
https://api.github.com/repos/Mantle/Mantle/issues/818,Mantle/Mantle,1783583,trickpirata,commenter,2018-02-11T18:26:35Z,2012-05-27T21:11:45Z
https://api.github.com/repos/Mantle/Mantle/issues/818,Mantle/Mantle,12746578,FranciscoFortes,commenter,2018-04-03T13:40:16Z,2015-06-04T11:36:41Z
https://api.github.com/repos/Mantle/Mantle/issues/818,Mantle/Mantle,13730040,MarsLeo,commenter,2018-05-26T06:38:42Z,2015-08-10T11:09:19Z
https://api.github.com/repos/Mantle/Mantle/issues/818,Mantle/Mantle,41898282,github-actions[bot],commenter,2020-01-20T00:06:05Z,2018-07-30T09:30:16Z
https://api.github.com/repos/sequelpro/sequelpro/issues/957,sequelpro/sequelpro,863151,sequelpro,questioner,2013-11-09T04:33:29Z,2011-06-21T01:56:16Z
https://api.github.com/repos/zxingify/zxingify-objc/issues/33,zxingify/zxingify-objc,499182,andrioli,questioner,2013-02-01T19:55:46Z,2010-11-27T16:28:23Z
https://api.github.com/repos/BradLarson/GPUImage/issues/672,BradLarson/GPUImage,2004019,vladimir-rangelov,questioner,2012-11-26T13:25:16Z,2012-07-19T08:58:39Z
https://api.github.com/repos/BradLarson/GPUImage/issues/672,BradLarson/GPUImage,954279,BradLarson,commenter,2012-11-26T15:53:09Z,2011-08-02T14:26:48Z
https://api.github.com/repos/aws-amplify/aws-sdk-ios/issues/387,aws-amplify/aws-sdk-ios,16662707,rgurzhiy,questioner,2016-05-17T12:51:19Z,2016-01-12T07:56:19Z
https://api.github.com/repos/aws-amplify/aws-sdk-ios/issues/387,aws-amplify/aws-sdk-ios,1459206,yosuke-matsuda,commenter,2016-05-17T19:19:34Z,2012-02-21T22:46:14Z
https://api.github.com/repos/firebase/firebase-ios-sdk/issues/1892,firebase/firebase-ios-sdk,32492218,paulsUsername,questioner,2018-09-30T12:11:55Z,2017-10-03T16:40:22Z
https://api.github.com/repos/firebase/firebase-ios-sdk/issues/1892,firebase/firebase-ios-sdk,73870,paulb777,commenter,2018-09-30T14:28:37Z,2009-04-15T00:11:38Z
https://api.github.com/repos/firebase/firebase-ios-sdk/issues/1892,firebase/firebase-ios-sdk,4529021,morganchen12,commenter,2018-10-08T07:12:22Z,2013-05-25T20:14:53Z
https://api.github.com/repos/sparkle-project/Sparkle/issues/1184,sparkle-project/Sparkle,106152,ksuther,questioner,2018-02-16T04:53:18Z,2009-07-17T21:42:53Z
https://api.github.com/repos/sparkle-project/Sparkle/issues/1184,sparkle-project/Sparkle,72159,kornelski,commenter,2018-02-16T07:07:38Z,2009-04-09T14:50:19Z
https://api.github.com/repos/aws-amplify/aws-sdk-ios/issues/1728,aws-amplify/aws-sdk-ios,227982,palpatim,questioner,2019-08-09T20:21:29Z,2010-03-22T15:27:00Z
https://api.github.com/repos/MiniKeePass/MiniKeePass/issues/594,MiniKeePass/MiniKeePass,35675023,sirpercycockwaddle,questioner,2018-01-22T02:47:03Z,2018-01-22T02:35:16Z
https://api.github.com/repos/MiniKeePass/MiniKeePass/issues/594,MiniKeePass/MiniKeePass,5441527,cowabunga1,commenter,2018-02-24T07:05:13Z,2013-09-12T05:35:42Z
https://api.github.com/repos/MiniKeePass/MiniKeePass/issues/594,MiniKeePass/MiniKeePass,2063218,UweMeier,commenter,2018-02-28T10:46:02Z,2012-07-30T06:22:48Z
https://api.github.com/repos/MiniKeePass/MiniKeePass/issues/594,MiniKeePass/MiniKeePass,2063848,thardeck,commenter,2019-07-17T15:02:44Z,2012-07-30T08:42:55Z
https://api.github.com/repos/bitstadium/QuincyKit/issues/92,bitstadium/QuincyKit,399782,bogardon,questioner,2012-04-11T19:58:02Z,2010-09-15T05:08:59Z
https://api.github.com/repos/bitstadium/QuincyKit/issues/92,bitstadium/QuincyKit,42185,TheRealKerni,commenter,2012-04-12T20:10:07Z,2008-12-22T22:50:48Z
https://api.github.com/repos/gh-unit/gh-unit/issues/93,gh-unit/gh-unit,466104,jmoody,questioner,2012-08-15T14:07:22Z,2010-11-03T17:04:43Z
https://api.github.com/repos/AFNetworking/AFNetworking/issues/2793,AFNetworking/AFNetworking,2970642,olegnaumenko,questioner,2015-06-18T15:10:18Z,2012-12-05T10:56:49Z
https://api.github.com/repos/firebase/quickstart-ios/issues/488,firebase/quickstart-ios,29110258,vendys-jackdaw,questioner,2018-07-12T07:43:26Z,2017-06-01T01:11:24Z
https://api.github.com/repos/firebase/quickstart-ios/issues/488,firebase/quickstart-ios,4529021,morganchen12,commenter,2018-07-12T22:44:10Z,2013-05-25T20:14:53Z
https://api.github.com/repos/ccgus/fmdb/issues/27,ccgus/fmdb,967329,zsvaughn,questioner,2011-08-08T20:07:31Z,2011-08-08T20:00:02Z
https://api.github.com/repos/ccgus/fmdb/issues/27,ccgus/fmdb,60178,ccgus,commenter,2011-08-08T20:54:45Z,2009-03-04T19:08:55Z
https://api.github.com/repos/ccgus/fmdb/issues/27,ccgus/fmdb,888393,kannanprasad87,commenter,2012-04-03T04:05:06Z,2011-07-01T09:44:27Z
https://api.github.com/repos/ccgus/fmdb/issues/27,ccgus/fmdb,1918033,pvinothit,commenter,2012-08-16T12:42:27Z,2012-07-03T12:32:42Z
https://api.github.com/repos/AlanQuatermain/AQGridView/issues/55,AlanQuatermain/AQGridView,649034,andyzaharia,questioner,2011-04-08T10:52:32Z,2011-03-03T13:54:26Z
https://api.github.com/repos/AlanQuatermain/AQGridView/issues/55,AlanQuatermain/AQGridView,555485,darrylhthomas,commenter,2011-05-26T03:37:52Z,2011-01-10T12:01:02Z
https://api.github.com/repos/AlanQuatermain/AQGridView/issues/55,AlanQuatermain/AQGridView,104086,evadne,commenter,2012-01-26T22:40:56Z,2009-07-12T08:35:41Z
https://api.github.com/repos/openid/AppAuth-iOS/issues/64,openid/AppAuth-iOS,1470216,rjfellman,questioner,2016-11-25T03:37:53Z,2012-02-24T16:52:07Z
https://api.github.com/repos/dooboolab/react-native-iap/issues/203,dooboolab/react-native-iap,921372,lc3t35,questioner,2018-06-25T15:28:16Z,2011-07-17T18:49:56Z
https://api.github.com/repos/dooboolab/react-native-iap/issues/203,dooboolab/react-native-iap,27461460,hyochan,commenter,2018-06-26T05:59:33Z,2017-04-14T00:43:28Z
https://api.github.com/repos/dooboolab/react-native-iap/issues/203,dooboolab/react-native-iap,10205647,ramonsenadev,commenter,2018-07-25T18:14:07Z,2014-12-16T08:17:58Z
https://api.github.com/repos/dooboolab/react-native-iap/issues/203,dooboolab/react-native-iap,27443995,tmjordan,commenter,2019-07-19T06:16:49Z,2017-04-13T18:50:00Z
https://api.github.com/repos/klazuka/Kal/issues/52,klazuka/Kal,252343,ehren,questioner,2011-10-31T17:16:55Z,2010-04-26T03:29:55Z
https://api.github.com/repos/klazuka/Kal/issues/52,klazuka/Kal,32817,peymano,commenter,2013-02-06T22:55:31Z,2008-11-05T15:51:49Z
https://api.github.com/repos/aws-amplify/aws-sdk-ios/issues/1840,aws-amplify/aws-sdk-ios,51138777,royjit,questioner,2019-09-05T22:01:22Z,2019-05-28T21:52:30Z
https://api.github.com/repos/ChatSecure/ChatSecure-iOS/issues/902,ChatSecure/ChatSecure-iOS,2914938,marmistrz,questioner,2017-12-01T18:40:33Z,2012-11-28T19:59:12Z
https://api.github.com/repos/ChatSecure/ChatSecure-iOS/issues/902,ChatSecure/ChatSecure-iOS,2911501,Letterus,commenter,2017-12-06T08:24:31Z,2012-11-28T12:14:22Z
https://api.github.com/repos/ChatSecure/ChatSecure-iOS/issues/902,ChatSecure/ChatSecure-iOS,518687,chrisballinger,commenter,2017-12-11T18:15:27Z,2010-12-11T04:51:27Z
https://api.github.com/repos/SDWebImage/SDWebImage/issues/1744,SDWebImage/SDWebImage,12727582,liaodalin19903,questioner,2016-12-12T02:10:37Z,2015-06-03T07:58:19Z
https://api.github.com/repos/SDWebImage/SDWebImage/issues/1744,SDWebImage/SDWebImage,3252462,Cylix,commenter,2017-04-29T01:05:34Z,2013-01-12T15:15:32Z
https://api.github.com/repos/SDWebImage/SDWebImage/issues/1744,SDWebImage/SDWebImage,6141891,ashishprasadgit,commenter,2017-05-01T14:16:35Z,2013-12-09T11:04:08Z
https://api.github.com/repos/SDWebImage/SDWebImage/issues/1744,SDWebImage/SDWebImage,6919743,dreampiggy,commenter,2018-01-02T05:45:53Z,2014-03-11T14:32:26Z
https://api.github.com/repos/peter-iakovlev/Telegram/issues/333,peter-iakovlev/Telegram,355984,ispyropoulos,questioner,2019-01-10T22:16:34Z,2010-08-06T07:18:54Z
https://api.github.com/repos/couchbase/couchbase-lite-ios/issues/691,couchbase/couchbase-lite-ios,43241,snej,questioner,2015-05-04T17:53:19Z,2008-12-30T01:52:44Z
https://api.github.com/repos/couchbase/couchbase-lite-ios/issues/691,couchbase/couchbase-lite-ios,801454,pasin,commenter,2015-05-13T19:54:43Z,2011-05-20T23:54:50Z
https://api.github.com/repos/SBJson/SBJson/issues/54,SBJson/SBJson,394152,satz,questioner,2011-03-14T12:12:35Z,2010-09-10T04:07:33Z
https://api.github.com/repos/SBJson/SBJson/issues/54,SBJson/SBJson,645481,russes,commenter,2011-07-06T03:19:56Z,2011-03-01T19:43:47Z
https://api.github.com/repos/AFNetworking/AFNetworking/issues/1130,AFNetworking/AFNetworking,393024,insanehunter,questioner,2013-07-12T11:56:45Z,2010-09-09T07:36:49Z
https://api.github.com/repos/AFNetworking/AFNetworking/issues/1130,AFNetworking/AFNetworking,7659,mattt,commenter,2013-07-12T22:14:26Z,2008-04-17T03:18:54Z
https://api.github.com/repos/appcelerator/titanium_mobile/issues/10705,appcelerator/titanium_mobile,1406024,janvennemann,questioner,2019-02-15T20:03:06Z,2012-02-03T16:56:17Z
https://api.github.com/repos/appcelerator/titanium_mobile/issues/10705,appcelerator/titanium_mobile,125029,build,commenter,2019-02-15T20:30:56Z,2009-09-09T18:38:42Z
https://api.github.com/repos/appcelerator/titanium_mobile/issues/10705,appcelerator/titanium_mobile,6531858,ssekhri,commenter,2019-03-06T22:34:13Z,2014-01-29T05:25:23Z
https://api.github.com/repos/appcelerator/titanium_mobile/issues/10705,appcelerator/titanium_mobile,424100,tristankenney,commenter,2019-03-25T00:49:15Z,2010-10-02T00:54:28Z
https://api.github.com/repos/appcelerator/titanium_mobile/issues/10705,appcelerator/titanium_mobile,1988341,nmuecke,commenter,2019-03-28T05:37:32Z,2012-07-17T02:13:52Z
https://api.github.com/repos/ShareKit/ShareKit/issues/175,ShareKit/ShareKit,135177,saturngod,questioner,2012-01-10T16:23:18Z,2009-10-05T10:13:52Z
https://api.github.com/repos/ShareKit/ShareKit/issues/175,ShareKit/ShareKit,277576,scompt,commenter,2012-01-10T19:46:28Z,2010-05-15T08:41:54Z
https://api.github.com/repos/ShareKit/ShareKit/issues/175,ShareKit/ShareKit,1016974,VilemKurz,commenter,2012-01-11T06:31:17Z,2011-08-31T13:52:07Z
https://api.github.com/repos/stripe/stripe-ios/issues/1358,stripe/stripe-ios,8110579,wbeuil,questioner,2019-09-07T21:31:10Z,2014-07-09T06:22:59Z
https://api.github.com/repos/stripe/stripe-ios/issues/1358,stripe/stripe-ios,47796191,yuki-stripe,commenter,2019-09-09T16:25:28Z,2019-02-19T20:48:02Z
https://api.github.com/repos/stripe/stripe-ios/issues/1358,stripe/stripe-ios,52758633,davidme-stripe,commenter,2019-09-10T19:01:21Z,2019-07-10T18:35:56Z
https://api.github.com/repos/aws-amplify/aws-sdk-ios/issues/1582,aws-amplify/aws-sdk-ios,227982,palpatim,questioner,2019-05-30T19:30:21Z,2010-03-22T15:27:00Z
https://api.github.com/repos/facebookarchive/SocketRocket/issues/469,facebookarchive/SocketRocket,10579422,kwgithubusername,questioner,2016-09-13T20:22:46Z,2015-01-18T02:15:06Z
https://api.github.com/repos/facebookarchive/SocketRocket/issues/469,facebookarchive/SocketRocket,606991,nlutsenko,commenter,2016-09-13T20:29:35Z,2011-02-08T15:35:08Z
https://api.github.com/repos/BoltsFramework/Bolts-ObjC/issues/307,BoltsFramework/Bolts-ObjC,1419945,Mourad-Aly,questioner,2017-09-19T09:50:40Z,2012-02-08T15:08:51Z
https://api.github.com/repos/cocos2d/cocos2d-objc/issues/1168,cocos2d/cocos2d-objc,3089985,slxl,questioner,2015-01-17T10:11:07Z,2012-12-20T13:09:35Z
https://api.github.com/repos/cocos2d/cocos2d-objc/issues/1168,cocos2d/cocos2d-objc,971622,aalzanki,commenter,2015-04-15T19:43:03Z,2011-08-10T14:27:24Z
https://api.github.com/repos/cocos2d/cocos2d-objc/issues/1168,cocos2d/cocos2d-objc,715058,richardgroves,commenter,2015-04-15T21:32:32Z,2011-04-07T10:48:35Z
https://api.github.com/repos/facebook/facebook-ios-sdk/issues/620,facebook/facebook-ios-sdk,626954,thomassnielsen,questioner,2014-06-19T16:39:35Z,2011-02-19T13:50:28Z
https://api.github.com/repos/facebook/facebook-ios-sdk/issues/620,facebook/facebook-ios-sdk,51454,toddkrabach,commenter,2014-06-19T18:11:57Z,2009-02-03T16:20:02Z
https://api.github.com/repos/syedhali/EZAudio/issues/51,syedhali/EZAudio,5597154,vlansco,questioner,2014-05-12T09:16:20Z,2013-10-02T18:05:30Z
https://api.github.com/repos/syedhali/EZAudio/issues/51,syedhali/EZAudio,2002919,syrakozz,commenter,2015-01-07T09:24:47Z,2012-07-19T05:02:51Z
https://api.github.com/repos/SDWebImage/SDWebImage/issues/1944,SDWebImage/SDWebImage,1005591,dourgulf,questioner,2017-06-22T10:14:37Z,2011-08-26T02:31:04Z
https://api.github.com/repos/SDWebImage/SDWebImage/issues/1944,SDWebImage/SDWebImage,1105813,guidev,commenter,2017-06-30T16:48:39Z,2011-10-05T19:52:22Z
https://api.github.com/repos/SDWebImage/SDWebImage/issues/1944,SDWebImage/SDWebImage,3348623,taylorwrynn,commenter,2017-07-26T07:28:40Z,2013-01-23T06:28:34Z
https://api.github.com/repos/SDWebImage/SDWebImage/issues/1944,SDWebImage/SDWebImage,6919743,dreampiggy,commenter,2017-08-02T12:31:43Z,2014-03-11T14:32:26Z
https://api.github.com/repos/cocos2d/CocosBuilder/issues/164,cocos2d/CocosBuilder,758680,BenoitFreslon,questioner,2012-10-30T16:17:40Z,2011-04-29T09:40:29Z
https://api.github.com/repos/AFNetworking/AFOAuth2Manager/issues/21,AFNetworking/AFOAuth2Manager,915431,ejensen,questioner,2013-04-04T20:49:32Z,2011-07-14T16:29:48Z
https://api.github.com/repos/AFNetworking/AFOAuth2Manager/issues/21,AFNetworking/AFOAuth2Manager,170649,conradev,commenter,2013-04-05T00:11:06Z,2009-12-21T19:26:22Z
https://api.github.com/repos/rFlex/SCRecorder/issues/63,rFlex/SCRecorder,1837226,robwagstaff1984,questioner,2014-09-09T05:22:56Z,2012-06-11T06:03:44Z
https://api.github.com/repos/rFlex/SCRecorder/issues/63,rFlex/SCRecorder,1932102,rFlex,commenter,2014-09-09T12:00:36Z,2012-07-06T11:41:55Z
https://api.github.com/repos/mattgemmell/MGTwitterEngine/issues/69,mattgemmell/MGTwitterEngine,17184,samgrover,questioner,2010-11-06T23:49:10Z,2008-07-16T04:09:39Z
https://api.github.com/repos/facebook/facebook-ios-sdk/issues/56,facebook/facebook-ios-sdk,410472,ChristoDeluxe,questioner,2010-09-22T15:56:19Z,2010-09-21T20:17:04Z
https://api.github.com/repos/facebook/facebook-ios-sdk/issues/56,facebook/facebook-ios-sdk,300322,yujuan,commenter,2010-09-23T19:35:48Z,2010-06-08T22:11:48Z
https://api.github.com/repos/mattt/GroundControl/issues/24,mattt/GroundControl,9329201,xiaomaogong,questioner,2016-09-22T05:35:01Z,2014-10-21T01:49:11Z
https://api.github.com/repos/facebook/facebook-ios-sdk/issues/1142,facebook/facebook-ios-sdk,12591229,dipkasyap,questioner,2019-12-04T22:29:31Z,2015-05-25T04:49:41Z
https://api.github.com/repos/facebook/facebook-ios-sdk/issues/1142,facebook/facebook-ios-sdk,6910829,robtimp,commenter,2019-12-18T19:18:55Z,2014-03-10T18:45:51Z
https://api.github.com/repos/alcatraz/Alcatraz/issues/468,alcatraz/Alcatraz,360470,hewigovens,questioner,2016-05-15T07:34:23Z,2010-08-11T02:57:38Z
https://api.github.com/repos/alcatraz/Alcatraz/issues/468,alcatraz/Alcatraz,1041337,guillaumealgis,commenter,2016-06-04T13:54:50Z,2011-09-10T20:38:31Z
https://api.github.com/repos/AFNetworking/AFNetworking/issues/3954,AFNetworking/AFNetworking,11918748,hongcaiyu,questioner,2017-05-23T02:59:44Z,2015-04-13T04:40:58Z
https://api.github.com/repos/AFNetworking/AFNetworking/issues/3954,AFNetworking/AFNetworking,108106,tewha,commenter,2017-05-28T03:46:48Z,2009-07-23T21:23:32Z
https://api.github.com/repos/AFNetworking/AFNetworking/issues/3954,AFNetworking/AFNetworking,7204168,Kaspik,commenter,2018-09-28T14:33:36Z,2014-04-07T11:49:01Z
https://api.github.com/repos/firebase/firebase-ios-sdk/issues/4227,firebase/firebase-ios-sdk,10249104,wilhuff,questioner,2019-11-02T14:42:05Z,2014-12-20T01:30:29Z
https://api.github.com/repos/material-components/material-components-ios/issues/4033,material-components/material-components-ios,45670,jverkoey,questioner,2018-05-10T14:05:52Z,2009-01-11T01:18:44Z
https://api.github.com/repos/material-components/material-components-ios/issues/4033,material-components/material-components-ios,1753199,romoore,commenter,2019-02-27T03:19:12Z,2012-05-18T18:18:50Z
https://api.github.com/repos/ibireme/YYImage/issues/34,ibireme/YYImage,3000765,mosquitodu,questioner,2016-05-19T07:21:24Z,2012-12-09T10:55:29Z
https://api.github.com/repos/ibireme/YYImage/issues/34,ibireme/YYImage,839283,ibireme,commenter,2016-05-19T15:23:51Z,2011-06-09T06:24:26Z
https://api.github.com/repos/ibireme/YYImage/issues/34,ibireme/YYImage,7720052,urmyfaith,commenter,2016-08-30T01:54:42Z,2014-05-28T03:29:41Z
https://api.github.com/repos/SBJson/SBJson/issues/35,SBJson/SBJson,129020,Burn0ut07,questioner,2011-01-08T22:18:50Z,2009-09-19T19:21:46Z
https://api.github.com/repos/SBJson/SBJson/issues/35,SBJson/SBJson,45407,stig,commenter,2011-01-08T22:26:52Z,2009-01-09T19:56:39Z
https://api.github.com/repos/SBJson/SBJson/issues/35,SBJson/SBJson,281637,alexkolson,commenter,2011-01-08T22:28:25Z,2010-05-19T18:28:43Z
https://api.github.com/repos/ViennaRSS/vienna-rss/issues/592,ViennaRSS/vienna-rss,799345,josh64x2,questioner,2016-03-18T07:47:44Z,2011-05-19T23:55:06Z
https://api.github.com/repos/TheAmazingAudioEngine/TheAmazingAudioEngine/issues/107,TheAmazingAudioEngine/TheAmazingAudioEngine,363772,cipherCOM,questioner,2014-08-16T13:46:34Z,2010-08-13T19:04:36Z
https://api.github.com/repos/TheAmazingAudioEngine/TheAmazingAudioEngine/issues/107,TheAmazingAudioEngine/TheAmazingAudioEngine,184008,michaeltyson,commenter,2014-09-11T10:06:18Z,2010-01-17T12:55:54Z
https://api.github.com/repos/saturngod/IAPHelper/issues/15,saturngod/IAPHelper,6183339,shreeshecommstreet,questioner,2014-07-02T09:53:34Z,2013-12-14T05:51:55Z
https://api.github.com/repos/saturngod/IAPHelper/issues/15,saturngod/IAPHelper,135177,saturngod,commenter,2015-06-30T01:38:47Z,2009-10-05T10:13:52Z
https://api.github.com/repos/Tencent/QMUI_iOS/issues/468,Tencent/QMUI_iOS,11030696,passerbyloo,questioner,2018-12-27T04:45:43Z,2015-02-16T14:34:37Z
https://api.github.com/repos/libgit2/objective-git/issues/612,libgit2/objective-git,1270392,mssun,questioner,2017-01-23T14:45:38Z,2011-12-18T01:22:56Z
https://api.github.com/repos/libgit2/objective-git/issues/612,libgit2/objective-git,759730,pietbrauer,commenter,2017-01-23T21:05:44Z,2011-04-29T20:58:36Z
https://api.github.com/repos/libgit2/objective-git/issues/612,libgit2/objective-git,536608,olarivain,commenter,2018-05-19T22:28:21Z,2010-12-26T01:39:02Z
https://api.github.com/repos/libgit2/objective-git/issues/612,libgit2/objective-git,81099,tiennou,commenter,2018-05-23T10:27:48Z,2009-05-05T08:05:28Z
https://api.github.com/repos/pkyeck/socket.IO-objc/issues/165,pkyeck/socket.IO-objc,5201687,akashrastogi,questioner,2014-04-15T13:53:48Z,2013-08-10T06:12:41Z
https://api.github.com/repos/marcuswestin/WebViewJavascriptBridge/issues/282,marcuswestin/WebViewJavascriptBridge,1754300,acherushnikov,questioner,2017-05-03T07:26:32Z,2012-05-19T06:47:24Z
https://api.github.com/repos/marcuswestin/WebViewJavascriptBridge/issues/282,marcuswestin/WebViewJavascriptBridge,131967,marcuswestin,commenter,2017-11-08T19:34:14Z,2009-09-27T20:50:56Z
https://api.github.com/repos/material-components/material-components-ios/issues/3208,material-components/material-components-ios,1753199,romoore,questioner,2018-04-02T13:47:11Z,2012-05-18T18:18:50Z
https://api.github.com/repos/material-components/material-components-ios/issues/3208,material-components/material-components-ios,43848960,material-mirror,commenter,2019-03-27T19:19:44Z,2018-10-04T11:27:22Z
https://api.github.com/repos/material-components/material-components-ios/issues/6768,material-components/material-components-ios,1753199,romoore,questioner,2019-03-05T18:45:34Z,2012-05-18T18:18:50Z
https://api.github.com/repos/material-components/material-components-ios/issues/6768,material-components/material-components-ios,19738546,material-automation,commenter,2019-03-05T18:47:54Z,2016-06-03T22:24:06Z
https://api.github.com/repos/firebase/firebase-ios-sdk/issues/5382,firebase/firebase-ios-sdk,1082754,mikehaney24,questioner,2020-04-15T18:14:33Z,2011-09-27T04:18:34Z
https://api.github.com/repos/jdg/MBProgressHUD/issues/158,jdg/MBProgressHUD,12937,lono175,questioner,2013-08-22T15:00:15Z,2008-06-07T16:22:37Z
https://api.github.com/repos/pokeb/asi-http-request/issues/269,pokeb/asi-http-request,591914,minorblend,questioner,2011-10-12T16:37:54Z,2011-01-31T00:22:29Z
https://api.github.com/repos/pokeb/asi-http-request/issues/269,pokeb/asi-http-request,1143804,bmauter,commenter,2011-10-21T18:58:01Z,2011-10-21T18:37:11Z
https://api.github.com/repos/pokeb/asi-http-request/issues/269,pokeb/asi-http-request,316456,jogu,commenter,2012-01-13T11:47:55Z,2010-06-28T13:10:43Z
https://api.github.com/repos/sequelpro/sequelpro/issues/123,sequelpro/sequelpro,863151,sequelpro,questioner,2013-11-09T02:52:31Z,2011-06-21T01:56:16Z
https://api.github.com/repos/mutualmobile/MMDrawerController/issues/517,mutualmobile/MMDrawerController,5744468,aliasad106,questioner,2018-11-03T04:12:05Z,2013-10-22T07:21:07Z
https://api.github.com/repos/mutualmobile/MMDrawerController/issues/517,mutualmobile/MMDrawerController,10500753,markotl88,commenter,2019-06-13T15:52:12Z,2015-01-12T15:18:28Z
https://api.github.com/repos/firebase/firebase-ios-sdk/issues/5385,firebase/firebase-ios-sdk,1082754,mikehaney24,questioner,2020-04-15T20:56:24Z,2011-09-27T04:18:34Z
https://api.github.com/repos/honcheng/RTLabel/issues/25,honcheng/RTLabel,36352,marcosanson,questioner,2012-11-21T14:25:01Z,2008-11-24T15:32:54Z
https://api.github.com/repos/honcheng/RTLabel/issues/25,honcheng/RTLabel,208827,honcheng,commenter,2012-11-22T16:42:04Z,2010-02-23T01:18:23Z
https://api.github.com/repos/AFNetworking/AFNetworking/issues/3787,AFNetworking/AFNetworking,6462119,codesourse,questioner,2016-11-16T05:59:51Z,2014-01-21T16:13:19Z
https://api.github.com/repos/AFNetworking/AFNetworking/issues/3787,AFNetworking/AFNetworking,108106,tewha,commenter,2016-11-16T19:53:22Z,2009-07-23T21:23:32Z
https://api.github.com/repos/AFNetworking/AFNetworking/issues/3787,AFNetworking/AFNetworking,26384082,stale[bot],commenter,2020-03-31T11:43:50Z,2017-03-13T14:06:37Z
https://api.github.com/repos/paypal/PayPal-iOS-SDK/issues/548,paypal/PayPal-iOS-SDK,1778063,hilord,questioner,2017-10-07T15:09:52Z,2012-05-25T13:39:22Z
https://api.github.com/repos/paypal/PayPal-iOS-SDK/issues/548,paypal/PayPal-iOS-SDK,3171325,rzulkoski,commenter,2017-10-09T21:16:26Z,2013-01-02T18:34:34Z
https://api.github.com/repos/paypal/PayPal-iOS-SDK/issues/548,paypal/PayPal-iOS-SDK,94150,bluk,commenter,2017-10-10T03:07:30Z,2009-06-11T00:47:24Z
https://api.github.com/repos/jsonmodel/jsonmodel/issues/586,jsonmodel/jsonmodel,21197252,haoju-ios,questioner,2017-05-04T04:52:49Z,2016-08-23T12:39:21Z
https://api.github.com/repos/jsonmodel/jsonmodel/issues/586,jsonmodel/jsonmodel,905772,billinghamj,commenter,2017-05-04T07:55:30Z,2011-07-10T09:12:30Z
https://api.github.com/repos/firebase/firebase-ios-sdk/issues/4150,firebase/firebase-ios-sdk,1841926,maksymmalyhin,questioner,2019-10-23T21:30:12Z,2012-06-12T10:07:01Z
https://api.github.com/repos/SDWebImage/SDWebImage/issues/172,SDWebImage/SDWebImage,1455799,walsht,questioner,2012-08-31T15:16:12Z,2012-02-21T01:42:31Z
https://api.github.com/repos/SDWebImage/SDWebImage/issues/172,SDWebImage/SDWebImage,68232,rs,commenter,2012-11-04T01:16:12Z,2009-03-28T21:32:51Z
https://api.github.com/repos/BradLarson/GPUImage/issues/1681,BradLarson/GPUImage,1461390,demonnico,questioner,2014-07-17T03:14:26Z,2012-02-22T14:14:41Z
https://api.github.com/repos/BradLarson/GPUImage/issues/1681,BradLarson/GPUImage,2279039,atishay,commenter,2014-09-04T04:45:42Z,2012-09-04T16:38:40Z
https://api.github.com/repos/marcuswestin/WebViewJavascriptBridge/issues/241,marcuswestin/WebViewJavascriptBridge,10123706,Z-Kevin,questioner,2016-10-27T12:17:25Z,2014-12-09T01:53:10Z
https://api.github.com/repos/marcuswestin/WebViewJavascriptBridge/issues/241,marcuswestin/WebViewJavascriptBridge,131967,marcuswestin,commenter,2016-12-13T18:23:20Z,2009-09-27T20:50:56Z
https://api.github.com/repos/MugunthKumar/MKNetworkKit/issues/37,MugunthKumar/MKNetworkKit,997985,teeqemm,questioner,2012-01-21T08:19:58Z,2011-08-23T04:09:00Z
https://api.github.com/repos/SBJson/SBJson/issues/80,SBJson/SBJson,523433,DinosaurDad,questioner,2011-06-19T04:24:18Z,2010-12-14T22:53:42Z
https://api.github.com/repos/Tencent/MLeaksFinder/issues/42,Tencent/MLeaksFinder,7384173,beforeold,questioner,2016-11-10T01:30:45Z,2014-04-23T12:37:34Z
https://api.github.com/repos/Tencent/MLeaksFinder/issues/42,Tencent/MLeaksFinder,4711416,Rannie,commenter,2016-11-10T03:47:33Z,2013-06-16T14:47:52Z
https://api.github.com/repos/newmarcel/KeepingYouAwake/issues/29,newmarcel/KeepingYouAwake,6855546,ezig,questioner,2015-08-15T22:29:15Z,2014-03-04T22:01:40Z
https://api.github.com/repos/newmarcel/KeepingYouAwake/issues/29,newmarcel/KeepingYouAwake,406920,newmarcel,commenter,2015-08-16T06:47:10Z,2010-09-19T10:57:44Z
https://api.github.com/repos/zhxnlai/ZLSwipeableView/issues/67,zhxnlai/ZLSwipeableView,204151,cerupcat,questioner,2016-04-05T01:51:27Z,2010-02-15T19:38:06Z
https://api.github.com/repos/jverkoey/nimbus/issues/108,jverkoey/nimbus,224396,crino,questioner,2011-11-09T06:59:16Z,2010-03-17T07:34:50Z
https://api.github.com/repos/jverkoey/nimbus/issues/108,jverkoey/nimbus,270252,rogchap,commenter,2011-11-12T02:19:48Z,2010-05-07T08:27:04Z
https://api.github.com/repos/Lyndir/MasterPassword/issues/221,Lyndir/MasterPassword,8108151,Johnny-Mavric,questioner,2017-12-17T20:07:54Z,2014-07-08T23:52:51Z
https://api.github.com/repos/Lyndir/MasterPassword/issues/221,Lyndir/MasterPassword,36168047,Raviu8,commenter,2018-04-05T09:07:18Z,2018-02-05T17:40:29Z
https://api.github.com/repos/Lyndir/MasterPassword/issues/221,Lyndir/MasterPassword,36948,lhunath,commenter,2018-06-05T18:34:37Z,2008-11-27T12:37:16Z
https://api.github.com/repos/RestKit/RestKit/issues/1459,RestKit/RestKit,908004,flambert,questioner,2013-06-20T19:20:23Z,2011-07-11T14:58:44Z
https://api.github.com/repos/RestKit/RestKit/issues/1459,RestKit/RestKit,8392,blakewatters,commenter,2013-06-21T13:46:08Z,2008-04-24T17:12:37Z
https://api.github.com/repos/cocos2d/cocos2d-objc/issues/588,cocos2d/cocos2d-objc,1776969,dominik-hadl,questioner,2014-02-13T10:10:53Z,2012-05-25T07:09:21Z
https://api.github.com/repos/cocos2d/cocos2d-objc/issues/588,cocos2d/cocos2d-objc,153633,slembcke,commenter,2014-02-13T18:36:54Z,2009-11-15T20:07:29Z
https://api.github.com/repos/pinterest/PINRemoteImage/issues/84,pinterest/PINRemoteImage,90045,garrettmoon,questioner,2015-10-23T18:39:49Z,2009-05-29T22:35:08Z
https://api.github.com/repos/pinterest/PINRemoteImage/issues/84,pinterest/PINRemoteImage,10311,jparise,commenter,2015-10-23T18:59:04Z,2008-05-14T20:58:14Z
https://api.github.com/repos/parse-community/Parse-SDK-iOS-OSX/issues/429,parse-community/Parse-SDK-iOS-OSX,699752,richardjrossiii,questioner,2015-10-16T22:29:05Z,2011-03-30T16:53:28Z
https://api.github.com/repos/parse-community/Parse-SDK-iOS-OSX/issues/429,parse-community/Parse-SDK-iOS-OSX,606991,nlutsenko,commenter,2015-10-16T22:50:32Z,2011-02-08T15:35:08Z
https://api.github.com/repos/liquidx/webviewscreensaver/issues/11,liquidx/webviewscreensaver,10632028,TheKosmonaut,questioner,2015-05-17T15:45:23Z,2015-01-21T13:57:22Z
https://api.github.com/repos/liquidx/webviewscreensaver/issues/11,liquidx/webviewscreensaver,72062,liquidx,commenter,2015-06-14T02:45:35Z,2009-04-09T08:33:53Z
https://api.github.com/repos/facebook/facebook-ios-sdk/issues/63,facebook/facebook-ios-sdk,418915,rmorecki,questioner,2010-09-28T09:24:08Z,2010-09-28T09:18:37Z
https://api.github.com/repos/facebook/facebook-ios-sdk/issues/63,facebook/facebook-ios-sdk,300322,yujuan,commenter,2010-09-28T18:26:47Z,2010-06-08T22:11:48Z
https://api.github.com/repos/pokeb/asi-http-request/issues/285,pokeb/asi-http-request,76055,yllan,questioner,2011-11-11T02:52:52Z,2009-04-21T09:24:53Z
https://api.github.com/repos/pokeb/asi-http-request/issues/285,pokeb/asi-http-request,316456,jogu,commenter,2012-01-14T17:25:53Z,2010-06-28T13:10:43Z
https://api.github.com/repos/futuretap/InAppSettingsKit/issues/29,futuretap/InAppSettingsKit,45015,marc-etienne,questioner,2010-11-23T17:47:13Z,2009-01-08T04:58:28Z
https://api.github.com/repos/futuretap/InAppSettingsKit/issues/29,futuretap/InAppSettingsKit,110374,futuretap,commenter,2010-11-23T18:17:09Z,2009-07-30T17:44:04Z
https://api.github.com/repos/MugunthKumar/MKNetworkKit/issues/108,MugunthKumar/MKNetworkKit,519574,nibin777,questioner,2012-04-20T23:46:12Z,2010-12-12T01:43:28Z
https://api.github.com/repos/MugunthKumar/MKNetworkKit/issues/108,MugunthKumar/MKNetworkKit,129776,MugunthKumar,commenter,2012-04-21T03:14:52Z,2009-09-22T04:18:37Z
https://api.github.com/repos/MugunthKumar/MKNetworkKit/issues/108,MugunthKumar/MKNetworkKit,1430285,myster-t,commenter,2012-09-07T04:37:24Z,2012-02-12T05:38:07Z
https://api.github.com/repos/couchbase/couchbase-lite-ios/issues/1431,couchbase/couchbase-lite-ios,43241,snej,questioner,2016-09-07T21:38:33Z,2008-12-30T01:52:44Z
https://api.github.com/repos/sveinbjornt/Platypus/issues/170,sveinbjornt/Platypus,19603024,NewsGuyTor,questioner,2020-05-12T13:52:08Z,2016-05-27T05:02:07Z
https://api.github.com/repos/sveinbjornt/Platypus/issues/170,sveinbjornt/Platypus,654045,sveinbjornt,commenter,2020-08-05T02:48:48Z,2011-03-06T15:10:30Z
https://api.github.com/repos/nxtbgthng/OAuth2Client/issues/162,nxtbgthng/OAuth2Client,396451,dodikk,questioner,2015-04-01T11:10:19Z,2010-09-12T14:55:30Z
https://api.github.com/repos/thiagoperes/IDMPhotoBrowser/issues/71,thiagoperes/IDMPhotoBrowser,4207898,anhhaonguyen,questioner,2014-05-07T03:33:51Z,2013-04-20T06:23:36Z
https://api.github.com/repos/inverse-inc/sogo/issues/70,inverse-inc/sogo,8926,blaxter,questioner,2015-02-25T11:50:01Z,2008-04-30T11:55:47Z
https://api.github.com/repos/inverse-inc/sogo/issues/70,inverse-inc/sogo,492577,papajulio,commenter,2015-02-25T11:51:02Z,2010-11-22T23:24:40Z
https://api.github.com/repos/inverse-inc/sogo/issues/70,inverse-inc/sogo,1616141,extrafu,commenter,2015-02-25T13:41:03Z,2012-04-05T16:56:27Z
https://api.github.com/repos/arnesson/cordova-plugin-firebase/issues/97,arnesson/cordova-plugin-firebase,21679740,hafizramli,questioner,2016-11-15T16:41:51Z,2016-09-01T13:59:59Z
https://api.github.com/repos/arnesson/cordova-plugin-firebase/issues/97,arnesson/cordova-plugin-firebase,1209844,robertarnesson,commenter,2016-11-19T04:53:44Z,2011-11-21T09:09:57Z
https://api.github.com/repos/twitter/CocoaSPDY/issues/37,twitter/CocoaSPDY,835139,kilink,questioner,2014-03-19T15:58:04Z,2011-06-07T13:30:36Z
https://api.github.com/repos/twitter/CocoaSPDY/issues/37,twitter/CocoaSPDY,850440,jpinner,commenter,2014-04-01T19:01:49Z,2011-06-14T21:35:13Z
https://api.github.com/repos/google/EarlGrey/issues/204,google/EarlGrey,14877347,sid-github,questioner,2016-07-30T04:58:29Z,2015-09-28T17:53:05Z
https://api.github.com/repos/u10int/URBMediaFocusViewController/issues/9,u10int/URBMediaFocusViewController,490236,devangmundhra,questioner,2013-12-06T08:46:51Z,2010-11-21T01:49:14Z
https://api.github.com/repos/u10int/URBMediaFocusViewController/issues/9,u10int/URBMediaFocusViewController,7958,u10int,commenter,2013-12-06T15:46:24Z,2008-04-19T23:53:36Z
https://api.github.com/repos/facebook/facebook-ios-sdk/issues/514,facebook/facebook-ios-sdk,2759597,vargusz,questioner,2013-01-16T12:02:36Z,2012-11-09T14:45:00Z
https://api.github.com/repos/facebook/facebook-ios-sdk/issues/514,facebook/facebook-ios-sdk,2467488,chrisp-fb,commenter,2013-02-26T00:36:44Z,2012-10-01T22:38:50Z
https://api.github.com/repos/Cocoanetics/DTCoreText/issues/1015,Cocoanetics/DTCoreText,4478983,ChiHoc,questioner,2016-10-10T09:25:28Z,2013-05-20T12:47:16Z
https://api.github.com/repos/Cocoanetics/DTCoreText/issues/1015,Cocoanetics/DTCoreText,2354108,coveralls,commenter,2016-10-10T09:34:10Z,2012-09-15T20:38:09Z
https://api.github.com/repos/facebook/facebook-ios-sdk/issues/654,facebook/facebook-ios-sdk,835139,kilink,questioner,2014-10-10T01:58:19Z,2011-06-07T13:30:36Z
https://api.github.com/repos/material-components/material-components-ios/issues/5075,material-components/material-components-ios,45670,jverkoey,questioner,2018-09-10T16:04:17Z,2009-01-11T01:18:44Z
https://api.github.com/repos/material-components/material-components-ios/issues/5075,material-components/material-components-ios,38169672,material-automation[bot],commenter,2018-09-10T16:04:25Z,2018-04-08T00:27:40Z
https://api.github.com/repos/material-components/material-components-ios/issues/5075,material-components/material-components-ios,43848960,material-mirror,commenter,2019-07-31T18:26:06Z,2018-10-04T11:27:22Z
https://api.github.com/repos/honcheng/iOSPlot/issues/10,honcheng/iOSPlot,951703,lucianoenrico,questioner,2012-02-25T13:56:31Z,2011-08-01T13:02:36Z
https://api.github.com/repos/honcheng/iOSPlot/issues/10,honcheng/iOSPlot,208827,honcheng,commenter,2012-08-10T23:10:34Z,2010-02-23T01:18:23Z
https://api.github.com/repos/aws-amplify/aws-sdk-ios/issues/1282,aws-amplify/aws-sdk-ios,5359504,cbommas,questioner,2019-03-13T23:00:48Z,2013-09-01T17:58:24Z
https://api.github.com/repos/SDWebImage/SDWebImage/issues/1027,SDWebImage/SDWebImage,317254,bluefish625,questioner,2015-01-30T08:09:33Z,2010-06-29T09:09:36Z
https://api.github.com/repos/SDWebImage/SDWebImage/issues/1027,SDWebImage/SDWebImage,102188,rromanchuk,commenter,2015-02-03T00:19:17Z,2009-07-06T16:25:48Z
https://api.github.com/repos/SDWebImage/SDWebImage/issues/1027,SDWebImage/SDWebImage,1748458,mythodeia,commenter,2015-02-03T06:31:23Z,2012-05-17T08:54:38Z
https://api.github.com/repos/SDWebImage/SDWebImage/issues/1027,SDWebImage/SDWebImage,1893961,weng1250,commenter,2016-05-11T02:10:07Z,2012-06-26T12:20:32Z
https://api.github.com/repos/parse-community/Parse-SDK-iOS-OSX/issues/792,parse-community/Parse-SDK-iOS-OSX,7026025,orkhanalizade,questioner,2016-01-28T16:34:43Z,2014-03-21T20:08:02Z
https://api.github.com/repos/parse-community/Parse-SDK-iOS-OSX/issues/792,parse-community/Parse-SDK-iOS-OSX,4936420,ashish-naik,commenter,2019-12-17T17:37:31Z,2013-07-04T06:42:21Z
https://api.github.com/repos/aws-amplify/aws-sdk-ios/issues/2480,aws-amplify/aws-sdk-ios,55896475,phani-srikar,questioner,2020-04-22T19:59:48Z,2019-09-27T19:45:52Z
https://api.github.com/repos/AFNetworking/AFOAuth2Manager/issues/98,AFNetworking/AFOAuth2Manager,667009,yakovsh,questioner,2015-06-22T18:58:15Z,2011-03-13T14:26:17Z
https://api.github.com/repos/Ciechan/BCGenieEffect/issues/6,Ciechan/BCGenieEffect,246780,fillito,questioner,2013-01-09T11:01:13Z,2010-04-18T18:25:42Z
https://api.github.com/repos/Ciechan/BCGenieEffect/issues/6,Ciechan/BCGenieEffect,491105,Ciechan,commenter,2013-01-09T19:02:17Z,2010-11-21T23:07:39Z
https://api.github.com/repos/couchbase/couchbase-lite-ios/issues/2585,couchbase/couchbase-lite-ios,10448770,jayahariv,questioner,2019-11-19T22:42:07Z,2015-01-08T11:16:52Z
https://api.github.com/repos/couchbase/couchbase-lite-ios/issues/2585,couchbase/couchbase-lite-ios,2354108,coveralls,commenter,2019-11-19T23:07:20Z,2012-09-15T20:38:09Z
https://api.github.com/repos/AFNetworking/AFNetworking/issues/1041,AFNetworking/AFNetworking,1282248,John-Lluch,questioner,2013-05-31T14:20:50Z,2011-12-23T14:16:12Z
https://api.github.com/repos/AFNetworking/AFNetworking/issues/1041,AFNetworking/AFNetworking,7659,mattt,commenter,2013-05-31T14:34:31Z,2008-04-17T03:18:54Z
https://api.github.com/repos/dooboolab/react-native-iap/issues/356,dooboolab/react-native-iap,7056989,Purii,questioner,2019-01-03T23:53:45Z,2014-03-25T09:47:03Z
https://api.github.com/repos/dooboolab/react-native-iap/issues/356,dooboolab/react-native-iap,38711189,IssueHuntBot,commenter,2019-02-07T12:46:47Z,2018-04-25T02:49:24Z
https://api.github.com/repos/dooboolab/react-native-iap/issues/356,dooboolab/react-native-iap,26384082,stale[bot],commenter,2019-05-08T13:00:46Z,2017-03-13T14:06:37Z
https://api.github.com/repos/mwaterfall/MWFeedParser/issues/29,mwaterfall/MWFeedParser,329834,nasht00,questioner,2011-06-21T09:03:12Z,2010-07-12T17:14:32Z
https://api.github.com/repos/mwaterfall/MWFeedParser/issues/29,mwaterfall/MWFeedParser,132291,mwaterfall,commenter,2011-07-16T16:39:17Z,2009-09-28T16:47:18Z
https://api.github.com/repos/aws-amplify/aws-sdk-ios/issues/2000,aws-amplify/aws-sdk-ios,8533749,kneekey23,questioner,2019-10-18T04:32:01Z,2014-08-23T22:25:52Z
https://api.github.com/repos/mattt/CargoBay/issues/77,mattt/CargoBay,7399790,CollinStuart,questioner,2015-08-13T17:50:22Z,2014-04-24T22:00:03Z
https://api.github.com/repos/mattt/CargoBay/issues/77,mattt/CargoBay,12873256,eebean2,commenter,2015-08-13T17:51:58Z,2015-06-13T14:25:42Z
https://api.github.com/repos/zxingify/zxingify-objc/issues/8,zxingify/zxingify-objc,2109728,jsdasse,questioner,2012-09-17T15:27:29Z,2012-08-07T12:05:20Z
https://api.github.com/repos/zxingify/zxingify-objc/issues/8,zxingify/zxingify-objc,4324,cwalcott,commenter,2012-10-20T23:23:21Z,2008-04-02T19:33:32Z
https://api.github.com/repos/facebookarchive/SocketRocket/issues/564,facebookarchive/SocketRocket,32683550,tinder-whitneyfoster,questioner,2018-04-06T19:37:25Z,2017-10-10T18:00:46Z
https://api.github.com/repos/RestKit/RestKit/issues/2521,RestKit/RestKit,2262364,pieceofsummer,questioner,2017-10-21T17:46:50Z,2012-09-01T20:08:18Z
https://api.github.com/repos/sparkle-project/Sparkle/issues/1332,sparkle-project/Sparkle,106152,ksuther,questioner,2018-12-14T18:49:58Z,2009-07-17T21:42:53Z
https://api.github.com/repos/sparkle-project/Sparkle/issues/1332,sparkle-project/Sparkle,72159,kornelski,commenter,2018-12-14T19:18:15Z,2009-04-09T14:50:19Z
https://api.github.com/repos/appcelerator/titanium_mobile/issues/166,appcelerator/titanium_mobile,169061,sptramer,questioner,2011-06-28T20:41:16Z,2009-12-17T18:41:57Z
https://api.github.com/repos/appcelerator/titanium_mobile/issues/166,appcelerator/titanium_mobile,658758,rseagraves,commenter,2011-06-28T20:48:42Z,2011-03-08T23:06:45Z
https://api.github.com/repos/appcelerator/titanium_mobile/issues/166,appcelerator/titanium_mobile,587503,nataliehuynh,commenter,2011-06-28T21:37:41Z,2011-01-28T00:18:27Z
https://api.github.com/repos/SnapKit/Masonry/issues/483,SnapKit/Masonry,278816,boboboa32,questioner,2017-11-01T02:21:01Z,2010-05-17T02:07:38Z
https://api.github.com/repos/AFNetworking/AFNetworking/issues/2634,AFNetworking/AFNetworking,49619,chillpop,questioner,2015-04-02T23:52:53Z,2009-01-27T14:17:19Z
https://api.github.com/repos/couchbase/couchbase-lite-ios/issues/1791,couchbase/couchbase-lite-ios,801454,pasin,questioner,2017-06-19T20:28:56Z,2011-05-20T23:54:50Z
https://api.github.com/repos/pinterest/PINRemoteImage/issues/107,pinterest/PINRemoteImage,2694018,bdorfman,questioner,2015-12-09T01:33:15Z,2012-10-31T20:15:00Z
https://api.github.com/repos/pinterest/PINRemoteImage/issues/107,pinterest/PINRemoteImage,90045,garrettmoon,commenter,2015-12-09T18:28:09Z,2009-05-29T22:35:08Z
https://api.github.com/repos/modocache/MDCSwipeToChoose/issues/52,modocache/MDCSwipeToChoose,5416242,datomnurdin,questioner,2015-03-26T06:03:13Z,2013-09-09T08:03:12Z
https://api.github.com/repos/modocache/MDCSwipeToChoose/issues/52,modocache/MDCSwipeToChoose,1641795,vikmeup,commenter,2015-03-27T06:57:09Z,2012-04-13T22:56:55Z
https://api.github.com/repos/alcatraz/Alcatraz/issues/324,alcatraz/Alcatraz,1041337,guillaumealgis,questioner,2015-07-09T22:22:43Z,2011-09-10T20:38:31Z
https://api.github.com/repos/alcatraz/Alcatraz/issues/324,alcatraz/Alcatraz,627285,supermarin,commenter,2015-07-09T23:33:10Z,2011-02-19T17:44:49Z
https://api.github.com/repos/matryer/bitbar/issues/251,matryer/bitbar,106152,ksuther,questioner,2016-02-21T16:41:15Z,2009-07-17T21:42:53Z
https://api.github.com/repos/matryer/bitbar/issues/251,matryer/bitbar,655921,iosdeveloper,commenter,2016-02-21T16:47:18Z,2011-03-07T16:36:42Z
https://api.github.com/repos/dev-liyang/LYEmptyView/issues/38,dev-liyang/LYEmptyView,3401287,javaoraspx,questioner,2019-05-05T01:37:41Z,2013-01-28T02:19:17Z
https://api.github.com/repos/AFNetworking/AFNetworking/issues/620,AFNetworking/AFNetworking,530779,DavidCMurphy,questioner,2012-11-01T11:10:27Z,2010-12-20T16:35:29Z
https://api.github.com/repos/Squirrel/Squirrel.Mac/issues/104,Squirrel/Squirrel.Mac,22101,keithduncan,questioner,2014-01-22T18:38:56Z,2008-08-26T21:05:54Z
https://api.github.com/repos/Squirrel/Squirrel.Mac/issues/104,Squirrel/Squirrel.Mac,13760,joshaber,commenter,2014-01-22T18:45:43Z,2008-06-15T00:25:05Z
https://api.github.com/repos/Squirrel/Squirrel.Mac/issues/104,Squirrel/Squirrel.Mac,432536,jspahrsummers,commenter,2014-01-22T18:50:17Z,2010-10-08T15:39:49Z
https://api.github.com/repos/Tunnelblick/Tunnelblick/issues/46,Tunnelblick/Tunnelblick,9614759,GoogleCodeExporter,questioner,2015-07-17T15:46:04Z,2014-11-07T19:46:28Z
https://api.github.com/repos/dzenbot/DZNEmptyDataSet/issues/296,dzenbot/DZNEmptyDataSet,8477388,Gareth-swifter,questioner,2016-09-14T06:14:28Z,2014-08-18T08:12:49Z
https://api.github.com/repos/Squirrel/Squirrel.Mac/issues/83,Squirrel/Squirrel.Mac,432536,jspahrsummers,questioner,2013-11-19T05:33:18Z,2010-10-08T15:39:49Z
https://api.github.com/repos/hackiftekhar/IQKeyboardManager/issues/626,hackiftekhar/IQKeyboardManager,7920259,VladKorzun,questioner,2016-09-07T15:39:40Z,2014-06-18T06:42:44Z
https://api.github.com/repos/hackiftekhar/IQKeyboardManager/issues/626,hackiftekhar/IQKeyboardManager,3831495,hackiftekhar,commenter,2016-09-08T04:39:46Z,2013-03-11T12:20:11Z
https://api.github.com/repos/syedhali/EZAudio/issues/162,syedhali/EZAudio,403964,egold,questioner,2015-06-06T03:57:50Z,2010-09-17T05:13:28Z
https://api.github.com/repos/Tunnelblick/Tunnelblick/issues/457,Tunnelblick/Tunnelblick,2200559,rhazegh,questioner,2018-06-03T21:09:45Z,2012-08-23T01:56:08Z
https://api.github.com/repos/Tunnelblick/Tunnelblick/issues/457,Tunnelblick/Tunnelblick,127273,jkbullard,commenter,2018-06-03T21:16:39Z,2009-09-15T13:56:19Z
https://api.github.com/repos/material-components/material-components-ios/issues/6716,material-components/material-components-ios,1753199,romoore,questioner,2019-02-27T03:21:10Z,2012-05-18T18:18:50Z
https://api.github.com/repos/questbeat/QBImagePicker/issues/182,questbeat/QBImagePicker,10546774,gaoshanyu,questioner,2016-12-05T02:02:41Z,2015-01-15T12:41:23Z
https://api.github.com/repos/questbeat/QBImagePicker/issues/182,questbeat/QBImagePicker,16130434,baoskee,commenter,2017-01-06T02:29:27Z,2015-12-03T07:19:19Z
https://api.github.com/repos/facebookarchive/SocketRocket/issues/96,facebookarchive/SocketRocket,3504823,adrianUken,questioner,2013-05-29T20:44:59Z,2013-02-07T19:41:25Z
https://api.github.com/repos/AFNetworking/AFNetworking/issues/1348,AFNetworking/AFNetworking,1446848,ccerinojr,questioner,2013-09-23T17:56:55Z,2012-02-17T14:46:58Z
https://api.github.com/repos/AFNetworking/AFNetworking/issues/1348,AFNetworking/AFNetworking,7659,mattt,commenter,2013-09-23T18:08:52Z,2008-04-17T03:18:54Z
https://api.github.com/repos/firebase/firebase-ios-sdk/issues/1390,firebase/firebase-ios-sdk,73870,paulb777,questioner,2018-06-08T20:04:16Z,2009-04-15T00:11:38Z
https://api.github.com/repos/ibireme/YYImage/issues/58,ibireme/YYImage,6828315,PhilCai1993,questioner,2016-09-21T04:03:36Z,2014-03-02T01:18:02Z
https://api.github.com/repos/ibireme/YYImage/issues/58,ibireme/YYImage,6919743,dreampiggy,commenter,2017-08-07T19:24:28Z,2014-03-11T14:32:26Z
https://api.github.com/repos/dev-liyang/LYEmptyView/issues/40,dev-liyang/LYEmptyView,15728252,zqgogo,questioner,2019-06-15T03:13:58Z,2015-11-09T11:08:33Z
https://api.github.com/repos/google/EarlGrey/issues/495,google/EarlGrey,625723,sskhandp,questioner,2017-04-19T04:25:35Z,2011-02-18T18:26:20Z
https://api.github.com/repos/CoderMJLee/MJExtension/issues/665,CoderMJLee/MJExtension,29303030,kinarobin,questioner,2019-03-20T11:30:30Z,2017-06-09T09:41:39Z
https://api.github.com/repos/CoderMJLee/MJExtension/issues/665,CoderMJLee/MJExtension,1538729,wolfcon,commenter,2019-03-21T09:49:03Z,2012-03-15T01:50:19Z
https://api.github.com/repos/BradLarson/GPUImage/issues/1410,BradLarson/GPUImage,2278530,mo22,questioner,2014-02-09T15:50:17Z,2012-09-04T15:08:37Z
https://api.github.com/repos/ChatSecure/ChatSecure-iOS/issues/595,ChatSecure/ChatSecure-iOS,518687,chrisballinger,questioner,2016-11-05T21:05:46Z,2010-12-11T04:51:27Z
https://api.github.com/repos/robbiehanson/CocoaAsyncSocket/issues/523,robbiehanson/CocoaAsyncSocket,11351,JosephPecoraro,questioner,2017-02-03T18:53:35Z,2008-05-24T00:41:50Z
https://api.github.com/repos/robbiehanson/CocoaAsyncSocket/issues/523,robbiehanson/CocoaAsyncSocket,518687,chrisballinger,commenter,2017-02-03T21:19:14Z,2010-12-11T04:51:27Z
